step,queue_length,average_speed,cumulative_reward,throughput,waiting_time
1,10,41.8747909979771,-100.0,0,0.0
2,12,37.794259725874866,-213.0,0,0.0
3,14,31.156175560446822,-361.0,0,0.0
4,14,24.238234240482246,-499.0,0,1.8
5,15,22.379088075548356,-641.0,0,7.6
6,14,20.056256842313683,-784.0,0,14.6
7,15,16.79450798292145,-931.0,0,22.0
8,14,15.126483142122353,-1079.0,0,31.1
9,15,15.486061929629232,-1224.0,0,41.5
10,16,16.46974614259062,-1384.0,0,52.5
11,17,14.251070663769832,-1547.0,0,63.5
12,16,12.955155418105933,-1717.0,0,75.2
13,17,14.998948049673773,-1879.0,0,88.1
14,17,13.379019345134374,-2049.0,0,101.1
15,17,12.600986563854242,-2219.0,0,114.9
16,17,8.260247888390062,-2393.0,0,128.9
17,19,14.180893271147982,-2575.0,0,142.9
18,20,15.537850048971489,-2775.0,0,157.1
19,22,14.788627311382982,-2984.0,0,173.1
20,21,13.616103499686021,-3205.0,0,189.1
21,21,11.192459259280561,-3415.0,1,205.1
22,22,11.89868600753031,-3637.0,1,221.5
23,22,11.52823784481059,-3857.0,1,238.5
24,21,8.16910540233851,-4075.0,1,255.5
25,21,6.249325714383513,-4285.0,1,272.6
26,22,7.582795972363242,-4500.0,1,269.2
27,22,7.534111582670577,-4720.0,1,288.8
28,23,7.510248550569932,-4950.0,1,309.3
29,22,7.485606280073837,-5174.0,1,330.3
30,22,7.493204400332644,-5393.0,1,351.3
31,22,7.492874186963401,-5613.0,1,372.3
32,22,5.784503791025771,-5833.0,1,393.3
33,23,11.525891683469423,-6050.0,1,414.3
34,24,13.103872910231042,-6281.0,1,321.1
35,26,13.56827690525588,-6531.0,1,328.7
36,27,15.222277068505571,-6784.0,1,344.7
37,27,13.732354131219084,-7058.0,2,361.4
38,26,11.924318284242013,-7326.0,2,378.4
39,27,14.424153568441819,-7588.0,2,396.4
40,26,15.459196847039522,-7859.0,3,414.4
41,24,14.673010790386767,-8099.0,3,432.9
42,26,16.14446354471889,-8359.0,3,451.9
43,25,17.979709239289107,-8603.0,3,471.8
44,25,17.848528931377643,-8853.0,3,492.6
45,23,16.22172378495744,-9093.0,3,513.6
46,24,16.534550566691603,-9327.0,3,534.6
47,25,15.371235880873602,-9569.0,3,555.6
48,24,13.07477482968626,-9810.0,3,576.6
49,25,13.536178714396202,-10061.0,3,597.6
50,26,16.056223962417572,-10312.0,3,618.6
51,25,14.124615602381327,-10563.0,4,639.6
52,24,13.338810108322008,-10812.0,4,660.6
53,26,14.58673951002952,-11058.0,4,681.6
54,24,11.970173102310088,-11307.0,4,702.6
55,27,13.691923747284712,-11574.0,4,723.6
56,28,13.300641488765523,-11852.0,4,744.6
57,28,12.236516073471261,-12132.0,4,765.6
58,26,13.08826543116237,-12402.0,4,786.7
59,25,13.136707721579349,-12660.0,4,808.7
60,24,12.827256907550982,-12900.0,4,830.7
61,23,11.818992689589587,-13138.0,4,852.7
62,23,12.080304814209988,-13364.0,4,874.7
63,24,11.675022705812799,-13600.0,4,896.7
64,24,10.868149409821887,-13840.0,4,918.7
65,24,8.369483715586526,-14080.0,4,940.7
66,22,8.520065792988262,-14306.0,4,962.7
67,22,9.34569671629969,-14526.0,4,576.3
68,24,11.089407059432196,-14757.0,4,390.5
69,22,13.054116279591263,-14977.0,4,285.9
70,20,13.755698141458266,-15193.0,4,291.9
71,19,14.58719800174337,-15390.0,4,297.9
72,17,18.06279604502724,-15569.0,4,304.4
73,19,22.973935059293954,-15769.0,4,311.4
74,18,24.202019290235945,-15949.0,4,318.4
75,16,24.770833839119767,-16121.0,4,325.4
76,15,23.138538644808193,-16274.0,4,332.4
77,15,24.864718101802726,-16420.0,4,340.7
78,14,25.78929544975794,-16564.0,4,349.7
79,15,26.39277204342773,-16705.0,4,358.7
80,13,25.352277432364037,-16847.0,4,367.7
81,15,26.654451928790305,-16987.0,5,376.7
82,13,28.680498590000038,-17119.0,5,385.7
83,14,26.72640948936685,-17258.0,5,394.7
84,15,25.710309589107066,-17395.0,5,403.7
85,14,27.126264358635435,-17544.0,5,412.7
86,15,26.6446989251545,-17689.0,5,421.7
87,16,27.041615604811515,-17840.0,6,430.7
88,14,28.761387624645604,-17981.0,6,439.7
89,15,27.781510405461415,-18124.0,6,448.7
90,13,26.405693657071943,-18256.0,7,457.7
91,16,28.06784827670086,-18414.0,7,466.7
92,14,27.263462228358396,-18555.0,7,475.7
93,14,27.08610305167678,-18704.0,7,484.7
94,15,27.984141290386578,-18843.0,7,493.7
95,13,27.116696905225844,-18977.0,7,502.7
96,15,27.998067783648434,-19118.0,7,511.7
97,13,28.49618073877487,-19248.0,7,520.6999999999999
98,13,27.493278136380702,-19385.0,7,529.6999999999999
99,15,26.34342659605915,-19520.0,7,538.6999999999999
100,14,26.288548243592537,-19669.0,7,258.3
101,14,25.390418897005922,-19817.0,7,265.0
102,17,25.568353231615905,-19977.0,7,272.0
103,17,23.894008691395474,-20147.0,7,279.7
104,18,23.521168993954152,-20320.0,7,287.7
105,19,22.180106444861135,-20510.0,7,295.7
106,21,20.941666555026742,-20709.0,7,305.2
107,21,18.67752798974262,-20914.0,7,315.4
108,21,19.566548152749416,-21135.0,8,327.0
109,22,20.444694309455965,-21349.0,8,339.0
110,21,19.904605970156325,-21570.0,8,352.4
111,25,20.906565735570805,-21806.0,8,366.4
112,22,18.88881581009344,-22038.0,8,381.6
113,24,20.82123938338619,-22275.0,8,397.6
114,23,19.5474649958509,-22500.0,8,413.9
115,21,21.195798074984882,-22730.0,8,430.9
116,23,20.289526102956472,-22952.0,8,448.6
117,22,18.847928830516064,-23172.0,9,467.4
118,24,19.24690335451473,-23402.0,9,486.4
119,22,16.008311865277136,-23625.0,9,505.4
120,24,16.64039387944397,-23861.0,9,524.4
121,23,16.363025326378736,-24083.0,9,543.4
122,22,15.010116047588227,-24314.0,9,562.4
123,24,16.56362387758044,-24544.0,9,581.4
124,23,15.619037320625411,-24775.0,9,600.4
125,23,15.072594932537164,-25008.0,9,620.0
126,24,16.72606533789969,-25237.0,9,640.0
127,25,17.194195482715006,-25491.0,9,660.0
128,25,16.544030604096687,-25742.0,9,680.0
129,23,14.263412730573918,-25981.0,9,700.0
130,23,15.202025738594727,-26218.0,9,720.0
131,22,13.249453423739022,-26438.0,9,740.0
132,22,11.466123825276885,-26658.0,10,760.0
133,22,11.61369115393483,-26878.0,10,498.9
134,22,9.510143071201348,-27103.0,10,517.9
135,23,13.514342597364573,-27321.0,10,536.9
136,24,13.202380005893195,-27552.0,10,555.9
137,26,13.886525879958674,-27806.0,10,574.9
138,24,14.26808755742587,-28046.0,11,593.9
139,25,16.52326836380907,-28288.0,11,612.9
140,23,16.48632207459675,-28523.0,11,631.9
141,26,18.250039097214433,-28766.0,11,651.6
142,24,18.650308475093635,-29011.0,11,671.6
143,25,18.09689188606508,-29255.0,11,691.6
144,26,19.04896464403725,-29495.0,11,711.6
145,27,18.352587410822014,-29766.0,12,731.6
146,27,18.415374020096696,-30021.0,12,751.6
147,25,16.87035335345986,-30283.0,12,771.6
148,27,18.695168939779332,-30542.0,12,792.5
149,26,17.873686504654426,-30804.0,12,814.5
150,27,16.928932006981682,-31069.0,12,836.5
151,27,17.09263773552947,-31335.0,13,858.5
152,25,15.311742038448042,-31589.0,13,880.5
153,27,17.214859996780582,-31853.0,13,902.5
154,26,16.374503946929458,-32114.0,13,924.5
155,25,14.407579382001236,-32370.0,13,946.5
156,25,13.54972646210822,-32620.0,13,968.5
157,25,13.06518713254799,-32874.0,13,991.3
158,26,12.606985484830108,-33127.0,13,1014.3
159,26,13.681469311021532,-33389.0,13,1037.3
160,25,12.236252710913265,-33643.0,13,1060.3
161,25,9.863885289692181,-33893.0,14,1083.3
162,25,10.91535486369255,-34146.0,14,1106.3
163,27,12.106073961728049,-34400.0,14,1129.3
164,27,13.252990438617129,-34671.0,15,1152.3
165,26,12.039116716857896,-34931.0,15,1175.3
166,27,10.959908195241274,-35200.0,15,906.1
167,30,10.868946219075637,-35498.0,15,925.9
168,28,12.70323108658347,-35772.0,15,947.5
169,30,14.146837948878202,-36066.0,15,969.5
170,28,14.084138869773504,-36358.0,15,991.5
171,29,16.65223706846402,-36650.0,16,1013.5
172,28,16.774613245059367,-36938.0,16,1035.5
173,29,16.117581082750718,-37225.0,17,1058.5
174,28,17.04211525352221,-37512.0,17,1081.5
175,28,17.575341455968598,-37798.0,17,1104.5
176,28,17.745539450232325,-38080.0,17,1127.5
177,28,17.334874893432367,-38360.0,17,1150.5
178,27,18.108203863293106,-38636.0,18,1173.5
179,27,17.51077061635773,-38908.0,18,1196.5
180,27,15.87422543438447,-39178.0,18,1219.5
181,29,18.498314390041287,-39471.0,18,1242.5
182,29,15.737591391782553,-39761.0,20,1265.5
183,30,14.822788825742593,-40052.0,20,1288.5
184,28,15.660294437394883,-40334.0,20,1311.5
185,27,13.131376313817569,-40613.0,21,1334.5
186,28,14.833966576365842,-40886.0,21,1357.5
187,29,15.44597437520358,-41165.0,21,1380.5
188,28,14.10626254015214,-41445.0,21,1403.5
189,28,14.746699169535374,-41726.0,21,1427.5
190,29,14.162485929948827,-42008.0,21,1451.5
191,28,13.139107844485308,-42289.0,22,1475.5
192,27,10.447742271738859,-42561.0,23,1499.5
193,28,10.834221524083283,-42835.0,23,1523.5
194,28,12.290481693806408,-43109.0,23,1547.5
195,28,11.837983494857493,-43383.0,23,1571.5
196,28,11.13020893143924,-43662.0,23,1595.5
197,27,10.72167871293472,-43941.0,23,1619.5
198,27,9.691796121601142,-44209.0,23,1643.5
199,29,10.291599931742795,-44499.0,23,877.6
200,27,9.77096487253402,-44787.0,23,468.9
201,27,10.692471989354868,-45055.0,23,294.8
202,23,13.893883180184872,-45308.0,23,302.8
203,23,16.1030515992775,-45538.0,23,311.2
204,21,18.928317708948605,-45754.0,23,320.2
205,22,21.756400918701377,-45971.0,23,329.3
206,20,24.082109955801023,-46179.0,23,339.3
207,17,24.869794175688398,-46364.0,23,349.3
208,18,26.61285629305683,-46538.0,23,359.3
209,16,26.015035779650667,-46704.0,24,369.3
210,15,27.54683511522089,-46859.0,24,379.3
211,14,25.98098550108399,-47009.0,24,389.3
212,15,24.8424192946112,-47153.0,24,399.3
213,15,26.924622712901048,-47303.0,24,409.3
214,14,26.603978061221575,-47451.0,24,419.3
215,16,26.25375780041796,-47601.0,24,429.3
216,15,27.083283300329914,-47756.0,24,439.3
217,16,27.63654611194792,-47919.0,24,449.3
218,17,28.174788361096553,-48081.0,24,459.3
219,15,26.897298967767792,-48239.0,24,469.3
220,15,25.79769972305528,-48393.0,24,479.3
221,14,25.35361338431041,-48540.0,24,489.3
222,16,25.507307947770965,-48693.0,25,499.3
223,14,25.946994089743878,-48840.0,25,509.3
224,16,25.789532924617827,-48992.0,25,519.3
225,14,24.263331000199198,-49140.0,25,529.3
226,15,24.610094673833963,-49290.0,25,539.3
227,14,23.889399509822603,-49436.0,25,549.3
228,15,25.101766784435924,-49589.0,25,559.3
229,15,24.874057565969736,-49731.0,25,569.3
230,14,25.614601340986688,-49878.0,26,579.3
231,15,22.79469199924916,-50026.0,26,589.3
232,17,20.95447707718518,-50193.0,26,316.4
233,16,20.08074015084852,-50368.0,26,325.09999999999997
234,18,21.07115273896445,-50540.0,26,334.09999999999997
235,20,21.598048772067294,-50739.0,26,343.09999999999997
236,22,22.309076763220876,-50954.0,26,352.09999999999997
237,24,23.138106257240267,-51174.0,26,362.5
238,22,23.08195488264144,-51411.0,26,374.4
239,24,22.62705686644027,-51647.0,26,386.5
240,23,20.697149981292277,-51873.0,26,400.0
241,22,21.202170690711682,-52106.0,26,414.09999999999997
242,24,20.85255787541292,-52342.0,26,429.4
243,23,21.35311197634936,-52578.0,27,445.4
244,23,21.12566198690697,-52808.0,27,462.3
245,22,18.17306794106485,-53028.0,27,480.3
246,23,18.89735196944134,-53256.0,27,499.0
247,22,16.81318564065701,-53476.0,28,518.0
248,23,16.57250450827892,-53716.0,28,537.0
249,24,15.996456100018051,-53951.0,28,556.0
250,23,16.358022963821263,-54192.0,28,575.0
251,24,16.793150554691298,-54433.0,28,594.8
252,24,15.62576571764302,-54678.0,28,614.8
253,26,17.438155527552613,-54944.0,28,634.8
254,27,16.00052936429839,-55206.0,28,654.8
255,25,15.303296690710715,-55463.0,28,674.8
256,24,15.317765733800671,-55706.0,28,695.6
257,23,13.211807108804015,-55939.0,28,716.6
258,24,14.482015027524067,-56183.0,28,737.6
259,23,13.63875282518672,-56414.0,28,758.6
260,23,15.680394699289243,-56658.0,28,779.6
261,25,15.917613110713289,-56896.0,28,800.6
262,24,15.899476972048536,-57135.0,29,821.6
263,25,16.831149869724648,-57378.0,29,842.6
264,23,13.99945492163313,-57610.0,29,863.6
265,24,12.938888409096812,-57850.0,29,590.2
266,23,9.301096347574417,-58085.0,30,608.7
267,24,12.030693400844173,-58314.0,30,628.4
268,25,11.94279682549917,-58558.0,30,648.4
269,27,12.609102045902379,-58823.0,30,668.4
270,24,13.314596247510432,-59066.0,30,688.4
271,27,17.986609815016163,-59351.0,30,708.4
272,28,18.233364315089904,-59618.0,30,729.1
273,27,17.023319197252867,-59894.0,30,750.1
274,27,17.437849796202105,-60168.0,30,771.9
275,26,17.260928996668948,-60437.0,30,794.9
276,26,17.618990523084594,-60713.0,30,817.9
277,29,17.16123269889554,-60994.0,31,840.9
278,26,16.426178000426038,-61271.0,31,863.9
279,27,16.151759213755824,-61539.0,31,886.9
280,28,16.948434234481738,-61806.0,32,904.0
281,26,14.59672577735159,-62075.0,32,927.0
282,27,15.366277102359765,-62338.0,32,950.0
283,26,14.481894225714168,-62608.0,32,973.0
284,27,13.594204986292795,-62877.0,33,996.0
285,27,13.805102087024189,-63152.0,33,1019.0
286,26,12.445646956753423,-63419.0,33,1042.0
287,26,10.860293165682835,-63687.0,33,1065.0
288,28,12.789282076560784,-63951.0,33,1089.0
289,26,12.50467171049705,-64223.0,33,1113.0
290,28,14.224169543176329,-64491.0,33,1137.0
291,26,13.45326966137646,-64762.0,33,1161.0
292,28,15.070692054507116,-65034.0,33,1185.0
293,26,13.455543979140684,-65300.0,33,1209.0
294,27,12.702879155142764,-65567.0,33,1233.0
295,27,15.03499968916421,-65839.0,33,1257.0
296,28,15.485830505439791,-66119.0,33,1264.5
297,28,13.364529494840658,-66391.0,33,1287.5
298,29,13.720978347786676,-66671.0,33,925.5
299,30,11.495495838605821,-66970.0,34,946.4
300,28,12.663281393273836,-67244.0,34,968.4
301,29,13.512574421804315,-67530.0,34,990.4
302,28,14.465861068822273,-67821.0,35,1012.4
303,29,15.775624927415148,-68108.0,35,1034.4
304,26,16.429681919527745,-68393.0,35,1057.4
305,29,16.706351680087955,-68672.0,35,1080.4
306,26,16.143273501252157,-68949.0,35,1103.4
307,30,17.807120300147606,-69244.0,35,1126.4
308,28,17.69337371720031,-69539.0,36,1149.4
309,30,18.514825599463684,-69830.0,36,1172.4
310,28,18.160422958796776,-70123.0,36,1195.4
311,28,16.548645853529596,-70397.0,36,1218.4
312,26,15.346741380171057,-70671.0,37,1241.4
313,27,15.280793303922021,-70935.0,37,1264.4
314,27,14.441020274765927,-71203.0,37,1287.4
315,28,15.588142470505865,-71480.0,37,1310.4
316,28,16.256662477798468,-71762.0,37,1333.4
317,28,15.762988742843346,-72042.0,38,1356.4
318,26,13.679643581292458,-72313.0,38,1379.4
319,28,13.342678630747063,-72581.0,38,1402.6
320,28,14.128517093934372,-72852.0,38,1426.6
321,27,9.705214958964694,-73122.0,38,1450.6
322,28,10.005100863703124,-73401.0,38,1474.6
323,29,12.175835935366043,-73682.0,38,1498.6
324,28,10.433202139015618,-73963.0,38,1522.6
325,29,12.304126180368467,-74258.0,38,1546.6
326,30,12.849486635283418,-74549.0,38,1570.6
327,29,11.462049514603502,-74848.0,38,1594.6
328,28,12.657232055311578,-75132.0,38,1618.6
329,28,11.208596616463193,-75412.0,38,1642.6
330,27,9.422232178530509,-75683.0,38,1666.6
331,27,9.83314446231558,-75953.0,38,891.1
332,26,11.358266429011866,-76222.0,38,475.3
333,24,12.228575007713426,-76462.0,38,301.6
334,21,14.470798758230368,-76692.0,39,309.6
335,21,17.971004963555426,-76902.0,40,317.6
336,18,21.043041769020206,-77093.0,40,326.2
337,15,23.65814349170544,-77263.0,40,335.2
338,17,26.05523549554173,-77438.0,40,344.2
339,16,26.772696274942078,-77602.0,40,353.2
340,16,27.903823710644577,-77755.0,40,362.2
341,15,27.691399944491437,-77911.0,40,371.2
342,15,28.437432882738925,-78051.0,40,380.2
343,16,28.61009172756661,-78214.0,40,389.2
344,17,28.457457384574887,-78371.0,40,398.2
345,15,26.638247829597244,-78530.0,40,407.2
346,16,27.78644138352205,-78684.0,40,416.2
347,15,26.997765503487543,-78839.0,41,425.8
348,16,27.349897652038564,-78997.0,41,435.8
349,16,26.645944510968686,-79162.0,41,445.8
350,16,26.974476982953806,-79314.0,41,455.8
351,14,26.858836749846812,-79465.0,41,465.8
352,15,27.490935803750997,-79606.0,41,475.8
353,14,27.23310579789974,-79754.0,42,485.8
354,15,28.351503344583577,-79903.0,42,495.8
355,14,26.792583357314538,-80050.0,42,505.8
356,14,25.850607696240086,-80187.0,42,515.8000000000001
357,14,26.180842120655868,-80331.0,42,525.8000000000001
358,16,27.098454229997703,-80475.0,42,535.8000000000001
359,14,25.790627483472086,-80619.0,42,545.8000000000001
360,16,25.668804615420136,-80772.0,42,555.8000000000001
361,16,25.99992757518306,-80940.0,42,565.8000000000001
362,17,24.47243219771316,-81109.0,42,575.8000000000001
363,18,21.962109739115878,-81288.0,42,585.8000000000001
364,19,20.68744735471554,-81470.0,43,310.2
365,16,19.884775952042638,-81651.0,43,318.40000000000003
366,20,18.671517528669504,-81819.0,43,327.40000000000003
367,20,18.590228199233444,-82019.0,43,336.7
368,24,20.39942037548684,-82245.0,43,347.8
369,24,20.916565951177706,-82473.0,43,359.8
370,24,20.77012376714294,-82714.0,43,372.7
371,23,20.4929143533122,-82943.0,43,386.7
372,24,19.57707597344404,-83191.0,43,401.0
373,24,19.616886381638167,-83424.0,43,417.0
374,24,18.89392622714423,-83675.0,43,433.2
375,24,16.400402209849478,-83915.0,45,450.90000000000003
376,25,16.715569365216393,-84170.0,45,468.90000000000003
377,26,19.290604204788337,-84421.0,45,488.2
378,24,17.450993750496227,-84671.0,45,508.2
379,28,19.933782994344334,-84945.0,45,528.2
380,29,19.318587459421398,-85222.0,45,549.0
381,27,18.068101104455934,-85510.0,45,570.1
382,28,16.79921164144323,-85789.0,45,592.1
383,28,15.380088233925541,-86064.0,45,614.1
384,27,14.741845385572265,-86340.0,46,636.1
385,27,13.863169621463602,-86611.0,46,658.7
386,27,11.62356832415044,-86887.0,46,681.7
387,29,13.261539400988234,-87167.0,46,705.9
388,27,11.134359595699804,-87443.0,46,730.9
389,29,10.900479441974468,-87725.0,46,755.9
390,27,9.506089787928955,-87998.0,46,780.9
391,27,11.384191380681532,-88280.0,46,805.9
392,28,10.827653403984177,-88552.0,47,830.9
393,27,13.324170378073978,-88836.0,47,855.9
394,29,13.794248740818766,-89116.0,47,880.9
395,27,12.277707484590197,-89394.0,47,905.9
396,28,10.42289384871691,-89674.0,47,930.9
397,30,9.728647948650552,-89974.0,47,660.0
398,29,7.7786893076261165,-90269.0,48,683.8
399,30,9.128523372462064,-90559.0,48,707.8
400,31,7.4963856503303585,-90860.0,48,732.6
401,33,10.222831858256717,-91178.0,48,758.6
402,30,10.304196841197662,-91490.0,48,784.6
403,31,11.552179191739809,-91798.0,48,811.3
404,31,14.193043721049623,-92105.0,48,834.2
405,31,13.741628291724771,-92415.0,48,861.2
406,33,15.74218529402461,-92730.0,48,888.2
407,32,16.22986338151641,-93048.0,48,915.2
408,33,16.27747937135145,-93368.0,48,942.2
409,31,13.385139297618071,-93688.0,49,969.2
410,31,14.85191730025853,-93995.0,49,996.2
411,30,15.267663466992012,-94299.0,49,1015.9
412,31,14.72022240693154,-94608.0,49,1041.9
413,31,15.980540836274464,-94921.0,49,1067.9
414,30,16.47544117119325,-95224.0,49,1093.9
415,31,15.851530603472254,-95534.0,49,1119.9
416,31,14.982947799084062,-95848.0,50,1145.9
417,30,12.932601964648532,-96151.0,50,1171.9
418,31,13.569537485836667,-96460.0,50,1198.4
419,31,12.693158108368456,-96762.0,51,1226.4
420,31,13.46754580171851,-97077.0,51,1254.4
421,31,12.815874853004237,-97389.0,52,1282.4
422,31,12.690840350794266,-97703.0,52,1310.4
423,30,11.756313880253542,-98019.0,52,1338.4
424,30,10.791194238822321,-98319.0,52,1366.4
425,30,11.72735492620342,-98632.0,52,1394.4
426,33,13.44174071190514,-98939.0,52,1422.4
427,32,13.240271078017946,-99266.0,52,1450.4
428,32,11.764440453161914,-99583.0,52,1468.1
429,30,10.04101168523271,-99893.0,52,1495.1
430,30,9.359510775774913,-100193.0,52,1083.5
431,31,11.132814023806233,-100503.0,53,1107.4
432,29,11.044874353400763,-100793.0,53,1131.4
433,30,13.135786101464019,-101100.0,53,1155.4
434,31,14.367131118418305,-101407.0,53,1179.5
435,32,15.640445481119196,-101722.0,53,1204.5
436,31,17.78319311542532,-102034.0,53,1229.5
437,31,18.083237352654923,-102345.0,53,1254.5
438,31,18.562210486090223,-102654.0,53,1279.5
439,29,16.647587738421077,-102953.0,54,1304.5
440,30,18.035537759621516,-103244.0,54,1329.5
441,29,16.56319006386685,-103533.0,54,1354.5
442,30,17.34379559040193,-103816.0,54,1379.5
443,30,15.976039551094901,-104122.0,54,1404.5
444,30,14.846844352550765,-104418.0,54,1429.5
445,31,14.217442515672166,-104716.0,54,1454.5
446,31,12.994054583177517,-105026.0,54,1479.9
447,31,13.397065403384026,-105333.0,54,1505.8999999999999
448,30,10.294382365542917,-105640.0,54,1531.8999999999999
449,31,10.075617346578003,-105940.0,55,1557.8999999999999
450,30,7.686597120620455,-106249.0,55,1584.3
451,33,11.619549466986086,-106570.0,55,1611.3
452,34,12.06277681418759,-106901.0,55,1638.3
453,33,13.032284673324023,-107236.0,55,1665.3
454,31,12.626402193562631,-107560.0,55,1692.3
455,30,11.630807340918427,-107869.0,55,1719.3
456,31,13.534711604008839,-108174.0,55,1746.3
457,31,12.285501583909138,-108483.0,55,1773.3
458,31,13.534479272762102,-108793.0,55,1800.3
459,31,14.773793627294335,-109103.0,55,1827.3
460,32,13.626806707551538,-109414.0,55,1854.3
461,30,11.893003070153144,-109719.0,55,1881.3
462,30,8.085312128542789,-110019.0,56,1908.3
463,29,9.307839703864342,-110318.0,56,1130.2
464,28,8.617089891555754,-110606.0,56,712.8
465,26,7.664769218900152,-110866.0,57,371.6
466,23,11.558695375721857,-111120.0,57,300.5
467,22,16.982761049072906,-111349.0,57,308.5
468,20,20.941801737440215,-111558.0,57,316.5
469,20,24.035525277769775,-111771.0,57,324.5
470,21,23.84390319359653,-111971.0,57,332.5
471,18,24.544765664086782,-112163.0,57,340.5
472,16,25.525061488927694,-112331.0,57,348.5
473,14,27.299979306132432,-112473.0,57,357.20000000000005
474,14,28.02082913354106,-112613.0,57,366.20000000000005
475,13,28.253345288453747,-112743.0,57,375.20000000000005
476,14,28.7911377123284,-112875.0,58,384.20000000000005
477,15,29.884971053943566,-113020.0,58,393.20000000000005
478,15,29.762753564352362,-113166.0,58,402.20000000000005
479,14,27.83338864764349,-113313.0,59,411.20000000000005
480,16,27.411245693249374,-113461.0,59,420.2
481,13,26.714160577744885,-113604.0,59,429.2
482,15,26.361914484441833,-113742.0,59,438.2
483,13,28.016976731087,-113881.0,59,447.2
484,14,28.90715996595325,-114023.0,59,456.2
485,14,28.63272782224618,-114155.0,59,465.2
486,14,26.556280321397953,-114299.0,59,474.2
487,16,28.317964751610468,-114457.0,59,483.2
488,16,26.861291262265194,-114616.0,59,492.2
489,16,26.66036518021548,-114775.0,59,501.2
490,15,27.895710081641838,-114928.0,59,510.2
491,14,26.52037509828391,-115072.0,59,519.2
492,16,26.713401723682022,-115216.0,59,528.2
493,14,27.191263754270047,-115358.0,59,537.2
494,15,24.80926650660216,-115511.0,59,546.7
495,17,22.365572028518546,-115673.0,59,556.9
496,17,22.286673086654172,-115843.0,59,273.7
497,15,20.506550007561128,-116014.0,59,282.4
498,19,19.111921508902917,-116177.0,59,291.8
499,19,18.03920144084055,-116367.0,59,301.8
500,20,19.834177340231076,-116556.0,60,312.3
501,20,20.204762730416405,-116761.0,60,323.4
502,23,20.74534068198233,-116974.0,60,335.4
503,22,20.36389253421728,-117194.0,61,348.4
504,24,18.952315692718397,-117430.0,61,362.2
505,24,19.544387543171787,-117671.0,61,376.6
506,26,19.277865387629426,-117915.0,61,392.1
507,26,20.135069573370146,-118169.0,61,408.1
508,25,20.270618170617333,-118425.0,61,424.2
509,24,20.485755973092566,-118664.0,62,442.2
510,23,20.45841271585493,-118911.0,62,460.2
511,25,20.036165406410454,-119151.0,62,479.1
512,23,18.930819457412554,-119391.0,63,498.1
513,23,18.58939796874392,-119628.0,63,517.8000000000001
514,24,18.39157859093645,-119864.0,63,537.8000000000001
515,24,16.50188774468877,-120101.0,63,557.8000000000001
516,24,15.545816256700911,-120344.0,63,577.8000000000001
517,25,15.321211969598572,-120585.0,64,597.8000000000001
518,23,13.005961517875514,-120827.0,65,618.8000000000001
519,25,14.874111854832957,-121073.0,65,639.8000000000001
520,23,12.985568021696086,-121305.0,65,660.8000000000001
521,23,15.60019775678939,-121550.0,65,681.8
522,25,14.96616647454769,-121790.0,65,702.8
523,27,17.395063971938807,-122050.0,65,723.8
524,25,16.707149193390887,-122318.0,65,744.8000000000001
525,24,14.6622639373526,-122563.0,65,765.8000000000001
526,25,15.367940570301258,-122809.0,65,786.8000000000001
527,25,15.068086153682444,-123052.0,65,807.8000000000001
528,24,13.508920468500701,-123297.0,65,828.8000000000001
529,24,10.842057559792377,-123537.0,66,568.3
530,25,10.954838398363462,-123779.0,66,587.3000000000001
531,24,12.387633121062951,-124011.0,66,607.0
532,24,12.802065669243177,-124251.0,66,627.0
533,26,13.919639882559922,-124511.0,67,647.1
534,25,13.668796016574795,-124758.0,67,668.1
535,25,14.320721466268152,-125014.0,67,689.1
536,25,16.35582898135255,-125262.0,67,710.1
537,27,17.6146305714474,-125516.0,67,731.1
538,26,17.954885163115126,-125777.0,67,752.1
539,26,18.558039493441566,-126032.0,67,773.1
540,24,17.053848262105646,-126277.0,67,794.1
541,28,20.14558665794425,-126553.0,67,815.1
542,26,17.723616761880447,-126816.0,68,836.1
543,29,16.960448733015017,-127089.0,68,857.1
544,26,16.173014256807694,-127361.0,68,878.9
545,26,13.842847353037431,-127621.0,68,901.9
546,27,12.81257748321176,-127891.0,68,924.9
547,27,12.56870600554656,-128158.0,68,947.9
548,26,11.390227791068355,-128427.0,68,970.9
549,27,11.441195221297548,-128701.0,68,994.1
550,28,13.554769325800018,-128969.0,68,1018.1
551,27,12.51037350752149,-129245.0,68,1042.1
552,28,13.375587607415307,-129515.0,68,1066.1
553,27,14.07562818690729,-129787.0,68,1090.1
554,27,14.12354749981266,-130063.0,68,1114.1
555,26,14.174029565345373,-130328.0,68,1138.1
556,27,15.203566676827164,-130600.0,68,1162.1
557,28,16.81486618327203,-130872.0,68,1186.1
558,27,16.146015856660387,-131151.0,68,1210.1
559,29,16.295867309527324,-131437.0,69,1234.1
560,28,16.049234059301966,-131713.0,69,1258.1
561,27,12.642401576382753,-131989.0,70,1282.1
562,27,11.201388815557126,-132259.0,70,952.1
563,28,11.316162399799099,-132539.0,70,953.7
564,27,10.477774765975829,-132807.0,70,974.5
565,28,13.78467436002006,-133091.0,70,995.8
566,27,14.315883389175903,-133368.0,70,1017.8
567,29,16.65280627237191,-133642.0,70,1039.8
568,27,16.6963446875883,-133923.0,70,1061.8
569,27,16.073124616270093,-134192.0,71,1083.8
570,29,18.53675714307132,-134475.0,71,1105.8
571,28,18.7029904479763,-134752.0,71,1127.8
572,27,18.625782679759585,-135023.0,71,1149.8
573,26,17.86331339545216,-135293.0,71,1171.8
574,27,19.151417183613958,-135555.0,71,1193.8
575,25,16.656679863643408,-135818.0,71,1215.8
576,26,13.766456713610076,-136073.0,71,1237.8
577,29,16.288356993009838,-136364.0,71,1246.5
578,29,14.474888560548358,-136659.0,71,1268.5
579,31,15.043397364406566,-136954.0,72,1290.5
580,29,13.954755425231703,-137250.0,72,1312.5
581,27,13.442161110972242,-137528.0,72,1334.9
582,28,12.465393074997593,-137800.0,72,1358.5
583,27,12.02918538702365,-138078.0,72,1382.5
584,28,13.046581762960109,-138352.0,72,1406.5
585,27,12.273148801174735,-138625.0,72,1430.5
586,28,12.709211868595778,-138905.0,72,1454.5
587,28,13.857182080589864,-139184.0,72,1478.5
588,28,13.706707134723446,-139464.0,72,1502.5
589,26,11.920670228725305,-139734.0,72,1526.5
590,28,13.283614045093273,-140000.0,72,1550.5
591,27,13.273620747951718,-140272.0,72,1574.5
592,27,9.755465688859664,-140542.0,72,1598.5
593,26,7.975087546414285,-140809.0,72,1622.5
594,26,5.646413051027036,-141069.0,72,1646.5
595,28,7.338978928165202,-141349.0,72,953.4
596,28,8.084866454799842,-141629.0,72,528.7
597,26,8.530410990801084,-141889.0,73,263.7
598,23,10.978876805667516,-142134.0,73,271.7
599,22,17.108536507862553,-142359.0,73,280.4
600,20,18.662455631609756,-142565.0,73,289.4
601,17,21.395008314198158,-142755.0,73,298.4
602,19,24.28923485527945,-142949.0,73,307.4
603,17,24.779983762157126,-143129.0,74,316.4
604,15,26.39770957312637,-143286.0,74,325.4
605,15,26.55303235608277,-143445.0,75,334.4
606,15,27.106015823352354,-143591.0,75,343.4
607,14,27.277192258796703,-143729.0,75,352.4
608,16,27.030939718262154,-143881.0,75,361.40000000000003
609,15,27.843244398126853,-144026.0,75,370.40000000000003
610,13,26.876350460496983,-144172.0,75,379.40000000000003
611,15,27.47014058658176,-144315.0,75,388.40000000000003
612,13,28.462705533155567,-144451.0,75,397.40000000000003
613,15,30.314150925387942,-144609.0,75,406.40000000000003
614,16,28.396153219478997,-144760.0,75,415.40000000000003
615,16,26.581813754782424,-144922.0,76,424.40000000000003
616,15,26.154871323073188,-145072.0,76,433.40000000000003
617,15,26.173166485714567,-145223.0,76,442.40000000000003
618,15,26.44955604652457,-145372.0,76,451.40000000000003
619,15,26.405366760796056,-145522.0,76,460.40000000000003
620,14,25.30296238034384,-145673.0,76,470.0
621,16,25.781851103617605,-145825.0,76,480.0
622,14,26.23525131535658,-145969.0,76,490.0
623,14,27.496235832124206,-146117.0,76,500.0
624,14,27.604318511974757,-146257.0,76,510.0
625,15,27.00450415508837,-146416.0,76,520.0
626,17,26.074190512459978,-146575.0,76,530.0
627,15,25.10903818867204,-146734.0,76,540.0
628,15,23.817049013026946,-146884.0,76,268.9
629,14,22.566228747676043,-147034.0,76,276.1
630,17,23.33531372419852,-147188.0,76,285.8
631,19,22.603696871357748,-147373.0,76,295.8
632,23,22.794709931832614,-147592.0,76,305.8
633,22,23.0748354591314,-147801.0,76,315.8
634,21,22.61268917262571,-148023.0,77,326.8
635,22,23.34537726581755,-148233.0,77,338.8
636,23,21.717873773726083,-148449.0,77,350.8
637,23,21.93380097826009,-148678.0,77,364.2
638,25,22.27833073445084,-148911.0,77,378.2
639,22,21.475450143898033,-149144.0,77,393.2
640,24,20.917847712552735,-149370.0,77,409.2
641,23,19.39880693489023,-149600.0,77,425.3
642,24,18.9970968078283,-149836.0,77,442.8
643,25,17.72987958565899,-150077.0,77,460.8
644,24,15.461561053962825,-150325.0,78,479.5
645,25,16.150556699626847,-150578.0,78,498.5
646,26,16.661372192729544,-150830.0,78,518.2
647,24,15.175037486485477,-151081.0,78,538.2
648,25,14.9078656486158,-151338.0,78,558.3
649,26,15.461414184712362,-151601.0,78,580.3
650,26,15.478259070575408,-151873.0,78,602.3
651,27,14.94947081115742,-152139.0,78,624.3
652,24,12.84075233042921,-152392.0,79,646.3
653,25,13.945075602890203,-152636.0,79,668.3
654,25,14.4755584530273,-152880.0,79,690.3
655,25,15.761030043482917,-153130.0,79,712.3
656,26,16.073078629448105,-153380.0,79,734.3
657,26,14.81178094956297,-153628.0,79,756.3
658,26,15.304976742715004,-153895.0,79,778.3
659,26,14.317438393959813,-154149.0,79,800.3
660,25,11.626016693536291,-154405.0,80,822.3
661,25,9.24725815263327,-154655.0,81,581.7
662,25,6.67302634777664,-154905.0,82,601.7
663,24,8.395033814211205,-155141.0,82,622.5
664,24,5.967660915905869,-155381.0,82,643.6
665,26,9.287357294798918,-155634.0,82,665.6
666,27,11.704651027145312,-155891.0,82,687.6
667,30,14.756079864429754,-156184.0,82,709.6
668,28,14.709974771495688,-156468.0,82,731.6
669,28,13.52434763737527,-156754.0,82,753.6
670,29,15.548734093101865,-157040.0,82,776.4
671,28,14.223515006045542,-157323.0,82,800.4
672,27,15.17371763219361,-157602.0,82,824.4
673,29,16.374050838462445,-157884.0,82,848.4
674,28,16.05948070543072,-158171.0,82,872.4
675,30,16.90493750534067,-158468.0,82,896.4
676,28,17.047756138437155,-158748.0,82,920.4
677,27,15.270473699249118,-159034.0,82,944.4
678,28,16.140436424239144,-159307.0,82,968.4
679,27,14.567195014666941,-159583.0,82,992.4
680,28,13.844505141416313,-159861.0,82,1016.7
681,27,12.923715684996779,-160134.0,83,1041.7
682,29,13.868752132772004,-160422.0,83,1066.7
683,28,14.038248969668809,-160696.0,83,1091.7
684,28,12.952175213040414,-160977.0,83,1116.7
685,27,10.338546913058497,-161252.0,84,1141.7
686,29,12.35584056762871,-161532.0,84,1166.7
687,27,11.101692397946502,-161808.0,84,1191.7
688,30,14.962661064333698,-162098.0,84,1216.7
689,28,14.006515207432232,-162386.0,84,1241.7
690,30,14.335512463916906,-162684.0,84,1266.7
691,29,12.824521176672427,-162973.0,84,1291.7
692,28,10.994158362591142,-163261.0,84,1316.7
693,29,11.478098277976235,-163550.0,84,1318.3
694,29,13.471991279600205,-163831.0,84,973.5
695,30,14.571177704157112,-164131.0,84,994.2
696,28,14.19269005397773,-164412.0,84,1015.6
697,30,15.802539428434937,-164712.0,84,1038.6
698,27,15.305621401417135,-165000.0,84,1061.6
699,29,15.716089294547434,-165276.0,84,1084.6
700,28,17.015725306625484,-165554.0,84,1107.6
701,29,16.835189161913544,-165840.0,84,1130.6
702,29,16.66137309220498,-166123.0,85,1153.6
703,30,16.212836522353705,-166423.0,85,1176.6
704,30,19.023844909393762,-166714.0,85,1199.6
705,31,17.95289268762504,-167018.0,85,1222.6
706,29,16.327582543781563,-167311.0,86,1245.6
707,30,15.040195534277661,-167602.0,86,1268.6
708,29,13.845987789907312,-167896.0,86,1292.1
709,29,14.373886016560176,-168175.0,86,1316.1
710,29,14.807504048721785,-168464.0,86,1340.1
711,29,14.45109432512895,-168751.0,86,1364.1
712,28,13.296184619620451,-169039.0,86,1388.6
713,27,12.165543482808896,-169310.0,86,1413.6
714,28,12.87541234704684,-169592.0,86,1438.6
715,28,11.843519645067262,-169870.0,86,1463.6
716,30,13.025353683671474,-170154.0,86,1488.6
717,30,10.072274791512482,-170452.0,86,1513.6
718,28,10.26954373471276,-170741.0,86,1538.6
719,30,11.354315057946364,-171027.0,86,1563.6
720,30,11.47491326536146,-171321.0,86,1588.6
721,31,11.916429129810886,-171631.0,86,1613.6
722,32,13.052550986675607,-171944.0,86,1638.6
723,31,10.940063280661539,-172255.0,86,1663.6
724,27,10.440357446476659,-172543.0,86,1688.6
725,28,10.678129649858088,-172821.0,86,1713.6
726,27,10.091979199029531,-173093.0,86,1738.6
727,27,10.982761863957352,-173363.0,86,959.8
728,27,11.16871693259443,-173633.0,86,543.5
729,25,12.181556529323252,-173876.0,86,287.1
730,23,14.687782173702654,-174118.0,86,295.1
731,23,16.33933289952552,-174348.0,86,303.1
732,21,18.622753025489526,-174564.0,86,311.1
733,19,21.994279570226404,-174769.0,86,319.1
734,19,22.71137356916948,-174959.0,86,327.1
735,18,25.240378923443252,-175138.0,86,335.1
736,15,25.94740650208186,-175306.0,86,343.1
737,15,27.795647156607398,-175462.0,86,351.9
738,14,29.492133237846897,-175604.0,86,360.9
739,17,30.287902816377596,-175776.0,86,369.9
740,18,29.525770557704917,-175940.0,86,378.9
741,17,28.52932912618835,-176111.0,86,387.9
742,14,27.72260008616307,-176268.0,86,396.9
743,16,26.333642023790308,-176420.0,86,406.5
744,15,28.515149994045675,-176567.0,86,416.5
745,14,29.24873857571608,-176712.0,86,426.5
746,15,28.637164649187266,-176847.0,86,436.5
747,14,26.06144781926736,-176996.0,87,446.5
748,15,27.451873477982954,-177145.0,87,456.5
749,14,26.12875545440792,-177292.0,87,466.5
750,15,25.94709164681476,-177443.0,87,476.5
751,15,26.89033265182506,-177589.0,87,486.5
752,15,25.16866823718809,-177734.0,87,496.5
753,15,25.506337306051794,-177887.0,87,506.5
754,14,26.763217598011458,-178029.0,87,516.5
755,15,25.503213659066994,-178180.0,87,526.5
756,17,27.556109031280958,-178333.0,87,536.5
757,17,27.83149000984228,-178510.0,87,546.5
758,18,25.195890472704264,-178690.0,88,556.5
759,16,24.266717034374384,-178859.0,88,566.5
760,17,22.51116141418298,-179030.0,88,288.8
761,15,21.477108086699086,-179190.0,88,296.1
762,19,22.745029549298682,-179358.0,88,305.0
763,19,21.34005479105171,-179548.0,88,314.0
764,20,22.198800605158212,-179758.0,89,323.3
765,21,24.059245553915247,-179960.0,89,333.3
766,20,22.796402957056515,-180164.0,89,344.6
767,21,20.967950182419447,-180363.0,89,356.6
768,22,20.93266821561298,-180575.0,90,369.3
769,21,20.203375048857076,-180788.0,90,383.3
770,24,20.723804645112125,-181020.0,90,397.9
771,23,20.012273823440854,-181243.0,90,413.9
772,25,18.530667680893966,-181495.0,90,429.90000000000003
773,24,18.31007412759994,-181728.0,90,446.1
774,23,17.11739310800849,-181970.0,91,464.0
775,27,20.15439839947886,-182230.0,91,482.0
776,25,16.995407048916377,-182486.0,92,500.3
777,25,18.561792044699445,-182747.0,92,521.0
778,25,17.359725562307727,-182989.0,92,542.0
779,23,16.62568226263202,-183230.0,92,563.0
780,24,16.276694439600718,-183467.0,92,584.0
781,25,17.486909686597382,-183704.0,92,605.0
782,23,14.506789320001824,-183943.0,93,626.0
783,25,15.34918955754637,-184189.0,93,647.0
784,23,14.111886052256828,-184424.0,93,668.0
785,24,14.013142450393715,-184664.0,93,689.0
786,24,13.828342908183746,-184899.0,93,710.0
787,24,13.449810165017103,-185143.0,93,731.0
788,24,14.178377870928584,-185385.0,93,752.0
789,25,14.500305608693514,-185634.0,93,773.0
790,25,15.502884145594253,-185886.0,93,794.0
791,25,14.738943670529979,-186137.0,93,815.0
792,24,11.46033028558016,-186380.0,93,836.0
793,26,11.87441489134128,-186640.0,93,575.8
794,26,10.463481932957167,-186903.0,93,594.8
795,26,10.101624684550652,-187153.0,93,614.8
796,26,8.651068587915322,-187413.0,93,636.4
797,28,11.643642530489755,-187689.0,93,659.4
798,28,14.33705432331914,-187955.0,93,682.4
799,29,15.296856903744493,-188240.0,93,705.4
800,27,15.837422385766908,-188506.0,93,728.4
801,29,16.973628363452786,-188780.0,93,751.4
802,28,18.359763744270918,-189059.0,93,774.4
803,28,19.01736159252257,-189333.0,93,797.4
804,29,19.016628551477673,-189613.0,94,820.4
805,27,16.815790137685863,-189895.0,95,843.4
806,27,14.726242168224909,-190165.0,95,866.4
807,26,13.4311895955826,-190429.0,96,878.0
808,25,13.478616555724154,-190687.0,96,900.0
809,27,13.78896562274691,-190947.0,96,922.0
810,25,13.12626763621649,-191207.0,97,944.0
811,27,14.49077302265422,-191483.0,98,966.0
812,27,15.204716327422066,-191754.0,98,988.8
813,27,14.223349406635824,-192030.0,98,1011.8
814,28,15.661806481717665,-192300.0,98,1035.2
815,26,14.8287920799064,-192570.0,98,1059.2
816,27,13.627009145076896,-192833.0,98,1083.2
817,26,14.506080193008437,-193101.0,98,1107.2
818,27,14.282391785146213,-193367.0,98,1131.2
819,29,16.498398133637348,-193646.0,98,1155.2
820,28,17.00747854495823,-193929.0,98,1179.2
821,29,15.827397081025214,-194219.0,99,1203.2
822,27,14.275809468840144,-194495.0,99,1227.2
823,29,13.523080532077037,-194771.0,99,1251.2
824,27,13.64693067057447,-195048.0,99,1264.8
825,26,12.221772131827029,-195314.0,99,1287.8
826,26,12.565316002883645,-195574.0,99,877.9
827,28,12.995472093962752,-195852.0,100,896.9
828,27,13.205697906965668,-196106.0,100,917.8
829,26,13.325826520288738,-196384.0,100,938.8
830,28,14.36700475762543,-196658.0,100,959.8
831,28,15.783540786062133,-196932.0,100,980.8
832,27,17.1202510269335,-197202.0,100,1001.8
833,27,16.97667618187526,-197468.0,101,1022.8
834,26,17.5297481121759,-197732.0,101,1043.8
835,28,20.2577741034188,-198005.0,101,1064.8
836,28,19.08223425083926,-198285.0,101,1085.8
837,28,17.84482537988382,-198558.0,101,1106.8
838,26,16.55810734434481,-198827.0,101,1127.8
839,26,14.790335783054426,-199086.0,102,1149.5
840,26,15.165616638903089,-199353.0,102,1171.5
841,26,14.843777954154865,-199619.0,102,1193.5
842,26,13.458774625975552,-199879.0,102,1215.5
843,27,14.42942519253753,-200142.0,102,1237.6
844,27,14.470318493561003,-200409.0,102,1260.6
845,27,12.653914767180453,-200679.0,104,1283.6
846,26,12.48622776322244,-200947.0,104,1306.6
847,28,12.375577506358098,-201227.0,105,1329.6
848,29,14.011699910463996,-201515.0,105,1352.6
849,30,14.097780127355435,-201803.0,105,1375.6
850,27,11.800270432116076,-202081.0,107,1398.6
851,26,13.440072214281695,-202346.0,107,1421.6
852,27,13.673608417634647,-202611.0,107,1444.6
853,27,14.6787232761907,-202882.0,107,1467.6
854,28,14.71342473266423,-203162.0,107,1490.6
855,28,12.759014832520965,-203442.0,107,1513.6
856,27,11.381730877467746,-203713.0,107,1536.6
857,28,13.22549455862311,-203991.0,107,1559.6
858,27,8.977861462752891,-204265.0,108,1582.6
859,26,7.714870810343473,-204531.0,108,845.0
860,24,9.427242904504993,-204789.0,108,455.3
861,23,10.630205146855648,-205019.0,108,292.6
862,20,15.2364164893337,-205238.0,108,300.3
863,20,18.031734064519778,-205438.0,108,308.3
864,17,21.971980964650882,-205617.0,108,316.3
865,18,25.703656637909816,-205808.0,108,324.3
866,19,25.450353594223316,-205991.0,108,332.3
867,17,27.029640659963775,-206165.0,108,340.3
868,14,27.30950337120602,-206322.0,108,348.3
869,15,27.8742375359689,-206470.0,108,357.0
870,15,28.005695956353406,-206620.0,109,366.0
871,16,28.647689082539912,-206770.0,110,375.0
872,15,28.53352093652282,-206921.0,110,384.0
873,14,27.317632933743145,-207067.0,110,393.0
874,14,27.950497845180177,-207209.0,110,402.0
875,14,27.271373434875617,-207347.0,110,411.0
876,14,28.5801860987533,-207482.0,110,420.0
877,14,27.611817002775176,-207622.0,110,429.0
878,14,26.735278624292228,-207766.0,110,438.0
879,14,26.077995075830767,-207905.0,110,447.0
880,13,27.8687320563846,-208037.0,110,456.0
881,13,27.777296645333568,-208176.0,110,465.0
882,15,27.756728611771564,-208309.0,110,474.0
883,15,26.889787640868008,-208466.0,111,483.0
884,17,26.61758815664587,-208631.0,111,492.0
885,15,25.16970791396036,-208790.0,111,501.0
886,16,24.27610124978027,-208944.0,111,510.0
887,15,25.117223929595788,-209099.0,111,519.0
888,16,26.498858250889477,-209261.0,111,528.0
889,16,26.694370688614942,-209416.0,111,537.0
890,15,26.017490206938394,-209568.0,111,546.5
891,15,23.96944052521454,-209718.0,112,556.5
892,15,23.32076623382085,-209868.0,112,273.1
893,15,21.531595084136974,-210030.0,112,281.1
894,17,21.97366045932057,-210198.0,112,290.1
895,18,20.965874903046014,-210375.0,112,299.1
896,19,21.515065314263175,-210560.0,113,308.1
897,19,20.489006061515614,-210751.0,113,317.5
898,22,21.210535428352983,-210965.0,113,327.8
899,21,21.710378371288034,-211174.0,113,338.8
900,22,19.38814031698041,-211392.0,113,350.8
901,24,20.948407176316305,-211625.0,114,363.6
902,25,21.35716325696361,-211870.0,114,377.40000000000003
903,24,21.405005985898157,-212120.0,114,392.2
904,24,21.81695007747764,-212371.0,114,407.8
905,26,20.814692005282488,-212616.0,114,424.1
906,25,19.77240601760534,-212871.0,114,441.40000000000003
907,24,18.87148418808398,-213114.0,115,459.6
908,24,18.153757425778064,-213349.0,115,479.5
909,24,17.224778189980487,-213596.0,115,499.5
910,25,18.043810529217886,-213835.0,115,519.9
911,23,15.552493387097446,-214076.0,115,541.7
912,25,14.681722702843874,-214311.0,116,563.7
913,23,13.60676387357677,-214545.0,116,585.7
914,25,14.534035384220113,-214788.0,116,607.7
915,24,14.205296155118974,-215027.0,116,629.7
916,24,12.623634731560514,-215271.0,117,651.7
917,25,15.79422703166197,-215513.0,117,673.7
918,24,14.546361509616633,-215754.0,118,687.3
919,28,16.816767276929866,-216037.0,118,708.3
920,28,14.830249078158898,-216314.0,118,729.3000000000001
921,27,13.220910658280756,-216588.0,118,750.3000000000001
922,26,13.909239391616456,-216845.0,118,772.3000000000001
923,26,12.704108432528162,-217101.0,118,794.3000000000001
924,25,12.080845681927528,-217356.0,118,816.3
925,25,9.735615963024616,-217606.0,118,554.6
926,25,9.020811914657507,-217860.0,118,574.3
927,25,10.456324588373047,-218108.0,118,595.9
928,25,10.185833077648917,-218358.0,118,617.9
929,26,12.021356732363508,-218620.0,118,639.9
930,25,10.778261273698458,-218871.0,118,661.9
931,26,11.974251493190721,-219126.0,118,683.9
932,26,13.269691001174705,-219393.0,118,705.9
933,26,14.078334559382782,-219651.0,118,727.9
934,27,16.285377931423298,-219913.0,118,749.9
935,26,16.896928769113757,-220178.0,118,771.9
936,28,16.64165362252114,-220449.0,118,793.9
937,28,14.875154381096609,-220741.0,119,815.9
938,29,15.376708722165212,-221028.0,119,837.9
939,28,14.170132505673756,-221312.0,119,859.9
940,29,14.341325166259148,-221601.0,120,882.8
941,29,15.212543523627014,-221885.0,120,906.8
942,28,14.19448772536745,-222166.0,121,930.8
943,28,14.656990980364625,-222450.0,121,955.6999999999999
944,29,15.486199208750746,-222729.0,121,980.6999999999999
945,28,14.016604957969665,-223017.0,121,1005.6999999999999
946,27,12.823869804472942,-223289.0,121,1030.7
947,28,13.787479151989952,-223565.0,121,1055.7
948,28,13.635450961114257,-223837.0,121,1080.7
949,29,13.318176743770726,-224120.0,121,1105.7
950,30,15.17820568146827,-224412.0,121,1130.7
951,29,14.962611914772225,-224706.0,121,1155.7
952,30,13.694553445003503,-225004.0,121,1180.7
953,28,12.240144369459353,-225295.0,121,1205.7
954,30,12.730946693553673,-225585.0,121,1230.7
955,28,11.606575128074523,-225874.0,121,1255.7
956,29,12.150469108000435,-226162.0,121,1280.7
957,28,11.65432095373834,-226443.0,121,1288.3
958,28,11.544037990758554,-226731.0,121,960.5
959,29,12.024848566193299,-227025.0,121,982.5
960,28,12.371875897076785,-227306.0,121,1005.5
961,29,14.183399628488024,-227604.0,121,1028.5
962,27,14.508486585133006,-227884.0,121,1051.5
963,29,17.075761537464594,-228168.0,121,1074.5
964,27,17.966399346779333,-228447.0,121,1097.5
965,30,18.288433405671274,-228741.0,122,1120.5
966,31,20.794046273123477,-229038.0,123,1143.5
967,31,20.347087649662907,-229348.0,123,1166.5
968,30,18.934533096346147,-229648.0,123,1189.5
969,30,17.720203773550598,-229951.0,123,1212.5
970,29,16.56294754708814,-230245.0,123,1236.2
971,29,16.01454590911798,-230527.0,123,1260.2
972,29,13.157639664987062,-230817.0,123,1284.2
973,29,14.489774471098109,-231113.0,123,1308.2
974,31,13.370371248885288,-231413.0,124,1332.4
975,30,13.882100012839155,-231714.0,124,1357.4
976,29,12.328690360120971,-232003.0,124,1382.4
977,29,12.719434768285986,-232294.0,124,1407.4
978,30,13.388292863213959,-232584.0,124,1432.4
979,30,15.191156890531614,-232877.0,124,1457.4
980,29,15.426590145766758,-233166.0,124,1482.4
981,29,15.805126936149327,-233458.0,124,1507.4
982,29,15.110423913426512,-233747.0,124,1532.4
983,28,13.169965777445116,-234036.0,124,1557.4
984,29,11.821819364488883,-234319.0,124,1582.4
985,30,11.385495951814468,-234609.0,124,1607.4
986,30,10.674855524627493,-234909.0,125,1632.4
987,29,12.025322418809374,-235204.0,125,1657.4
988,30,11.71769830240911,-235503.0,125,1682.4
989,30,12.216705510633528,-235804.0,125,1707.4
990,29,9.021548044766133,-236094.0,125,1732.7
991,31,9.566788493892226,-236404.0,127,993.3
992,29,8.950067072365394,-236703.0,127,601.8
993,27,10.741555067387413,-236973.0,127,354.5
994,23,12.436626133763028,-237227.0,127,290.3
995,23,15.591444094922133,-237457.0,127,298.9
996,20,19.721213457407178,-237668.0,127,307.9
997,18,23.324633079701908,-237862.0,127,316.9
998,17,24.969788115541746,-238032.0,127,325.9
999,15,27.748738202671376,-238187.0,127,334.9
1000,14,28.50864207878775,-238338.0,127,343.9
1001,16,27.770558357359576,-238489.0,127,352.9
1002,16,27.602767004118753,-238649.0,127,361.9
1003,16,27.40912153562873,-238801.0,127,370.9
1004,14,27.766840629476512,-238955.0,128,379.9
1005,14,28.029934285823185,-239095.0,128,388.9
1006,14,28.31493234823149,-239232.0,128,397.9
1007,14,26.568937712715446,-239371.0,129,406.9
1008,14,26.3209800207663,-239504.0,130,415.9
1009,15,24.558714409751456,-239660.0,130,424.9
1010,16,24.32644298096166,-239804.0,130,433.9
1011,15,24.116061976246765,-239959.0,130,442.9
1012,15,25.87120023293285,-240096.0,130,451.9
1013,13,26.7486102511705,-240236.0,130,460.9
1014,15,27.204512932096694,-240378.0,130,469.9
1015,13,28.793329198425216,-240508.0,130,478.9
1016,12,28.520793791187305,-240636.0,130,487.9
1017,14,28.283035590388167,-240770.0,131,496.9
1018,14,28.073804254189586,-240905.0,131,505.9
1019,15,28.55302262424839,-241053.0,131,514.9
1020,14,28.148316171397823,-241205.0,131,523.9
1021,14,28.50961387316501,-241340.0,132,532.9
1022,13,26.58589550644251,-241472.0,133,541.9
1023,15,23.96175095771662,-241610.0,133,550.9
1024,14,24.26079693737715,-241754.0,133,278.9
1025,12,20.98002716682348,-241893.0,133,285.8
1026,16,22.568377501873442,-242026.0,134,292.9
1027,18,23.15873391149061,-242202.0,134,300.9
1028,21,23.531064584632755,-242401.0,134,308.9
1029,22,23.765218205397105,-242608.0,135,317.0
1030,21,23.362778355616122,-242825.0,135,326.0
1031,20,23.074919269243594,-243023.0,135,335.6
1032,22,23.64341154746168,-243231.0,135,346.4
1033,20,22.43363553594591,-243439.0,135,357.7
1034,24,22.09036410396174,-243681.0,135,370.2
1035,22,21.732654519567728,-243903.0,135,383.4
1036,22,20.720778188115208,-244130.0,135,397.9
1037,21,19.470274667512466,-244342.0,135,413.0
1038,22,18.48196845296997,-244565.0,135,429.7
1039,23,16.870392789541576,-244782.0,135,447.7
1040,23,16.9358003341427,-245012.0,135,466.1
1041,23,15.879041692368325,-245240.0,135,485.1
1042,24,16.741131708899708,-245469.0,135,504.1
1043,22,15.282972663993577,-245697.0,135,523.1
1044,23,16.44300256246287,-245930.0,135,542.1
1045,25,17.142969910294095,-246177.0,135,562.0
1046,25,16.943211275408597,-246433.0,136,582.0
1047,24,16.445936873784863,-246688.0,136,602.0
1048,22,15.10745762229002,-246914.0,136,622.0
1049,23,16.019010075251728,-247153.0,137,642.0
1050,26,17.108371074989503,-247389.0,137,662.0
1051,24,15.166122477412271,-247642.0,137,682.0
1052,26,16.43603406653967,-247893.0,137,702.3
1053,25,14.967459138713398,-248141.0,137,723.3
1054,25,15.537375783547411,-248392.0,137,744.3
1055,25,14.147725065710233,-248639.0,137,765.3
1056,24,12.975684705309714,-248881.0,137,786.3
1057,24,10.714252695274858,-249121.0,138,522.1
1058,24,8.363272340776335,-249361.0,138,541.4
1059,24,11.44791070848936,-249588.0,138,562.2
1060,24,9.742966420469072,-249828.0,138,583.2
1061,27,12.60171426080342,-250089.0,138,604.2
1062,25,13.886234227536194,-250335.0,138,625.2
1063,27,16.273531631551297,-250610.0,138,646.2
1064,27,17.972486387069846,-250885.0,138,667.1999999999999
1065,28,17.683940421269288,-251162.0,138,688.1999999999999
1066,29,17.810144297081052,-251447.0,138,709.9
1067,29,18.39845216615486,-251731.0,138,732.9
1068,27,17.58046914625063,-252008.0,138,755.9
1069,29,16.90103020355588,-252297.0,139,778.9
1070,28,16.409036558672653,-252572.0,139,801.9
1071,28,15.40752935702711,-252850.0,139,824.9
1072,27,16.21321089151695,-253125.0,139,847.9
1073,26,14.466692596220007,-253389.0,139,871.0
1074,26,14.935524730524135,-253665.0,139,895.0
1075,28,15.936849509028152,-253934.0,139,919.0
1076,26,13.993026313655983,-254206.0,140,943.0
1077,27,13.949974372217135,-254471.0,140,967.0
1078,28,14.791720000347526,-254742.0,140,991.0
1079,27,13.045866029588232,-255012.0,140,1015.0
1080,28,15.172254841569753,-255279.0,140,1039.0
1081,27,16.251946127660936,-255556.0,140,1063.0
1082,29,16.304195148191457,-255842.0,141,1087.0
1083,28,14.620049887162786,-256127.0,141,1111.0
1084,28,13.914948145125402,-256408.0,141,1135.0
1085,28,13.317485391282194,-256694.0,142,1159.0
1086,27,13.078307129385191,-256970.0,142,1183.0
1087,29,14.481145683699713,-257248.0,142,1207.0
1088,27,14.297654071808552,-257525.0,142,1231.0
1089,27,10.653197263714095,-257795.0,143,1255.1
1090,28,10.052632190904525,-258075.0,144,965.1
1091,28,13.35709921343202,-258366.0,144,986.6
1092,27,12.126748661233757,-258636.0,144,1008.6
1093,30,15.045548764207803,-258921.0,144,1030.6
1094,28,15.632772000766678,-259214.0,144,1052.9
1095,30,17.557760528717232,-259500.0,144,1075.9
1096,28,18.07918712695665,-259801.0,144,1098.9
1097,30,19.355841854576997,-260097.0,145,1121.9
1098,29,20.072066708110388,-260400.0,145,1144.9
1099,32,20.469524421280887,-260715.0,145,1167.9
1100,31,18.562795023387068,-261030.0,146,1190.9
1101,32,18.00404385189853,-261349.0,146,1214.8
1102,30,15.924383303702305,-261658.0,147,1238.8
1103,30,14.996287706517808,-261958.0,147,1262.8
1104,28,14.887826389653156,-262253.0,147,1286.8
1105,29,14.520174142690381,-262536.0,147,1311.1
1106,29,15.62831155916933,-262826.0,147,1336.1
1107,29,15.6662020121975,-263118.0,147,1361.1
1108,29,14.690687815334242,-263408.0,147,1386.1
1109,29,14.259073311647473,-263692.0,147,1411.1
1110,29,13.885175316974587,-263979.0,147,1436.1
1111,28,13.27408233904028,-264267.0,147,1461.1
1112,27,10.082654794837175,-264545.0,147,1486.1
1113,29,12.667797638607352,-264835.0,147,1511.1
1114,29,11.803175967636118,-265122.0,148,1536.1
1115,29,11.634946631687182,-265412.0,148,1561.1
1116,29,12.038989485943759,-265695.0,148,1586.1
1117,31,13.380626585279169,-266005.0,148,1611.1
1118,31,11.879916996702615,-266319.0,148,1636.1
1119,30,11.4622763224213,-266627.0,148,1661.1
1120,30,10.473018213092963,-266935.0,148,1686.1
1121,29,10.421539401756934,-267228.0,148,1711.5
1122,29,9.704996230871272,-267518.0,148,1737.5
1123,29,9.939157267958919,-267808.0,148,997.9
1124,27,10.135589699688097,-268096.0,148,606.3
1125,26,11.416118422941382,-268356.0,148,361.09999999999997
1126,23,14.276582666177902,-268605.0,148,295.8
1127,23,17.573008951415446,-268835.0,148,303.8
1128,21,18.343497345997907,-269050.0,148,312.0
1129,19,21.895081298014,-269253.0,148,321.0
1130,18,24.050742647936744,-269433.0,148,330.0
1131,16,25.641257058550146,-269601.0,148,339.0
1132,16,27.800669223955538,-269768.0,148,348.0
1133,15,27.24543280681537,-269919.0,148,357.0
1134,15,28.224237135884547,-270065.0,148,366.0
1135,16,28.491286792804942,-270232.0,148,375.0
1136,15,27.54852545708321,-270392.0,148,384.0
1137,15,27.395400351780033,-270550.0,148,393.0
1138,15,27.59987251871328,-270701.0,148,402.0
1139,15,26.33801684889826,-270855.0,149,411.7
1140,15,26.896899696818412,-271001.0,150,421.7
1141,15,27.362191509364667,-271152.0,151,431.7
1142,15,26.911157955113747,-271300.0,151,441.7
1143,15,27.64570909405921,-271448.0,151,451.7
1144,15,27.880348056396574,-271597.0,151,461.7
1145,15,27.223521366924114,-271741.0,151,471.7
1146,15,27.34439292088594,-271888.0,151,481.7
1147,16,25.868505294558855,-272038.0,151,491.7
1148,15,26.89845940115733,-272192.0,151,501.7
1149,16,25.565655177651237,-272349.0,152,511.7
1150,15,26.015339720622986,-272505.0,152,521.7
1151,16,27.164121335511403,-272663.0,152,531.7
1152,15,27.34291100730316,-272820.0,153,541.7
1153,17,28.85337618260385,-272985.0,153,551.7
1154,17,26.102721761938433,-273154.0,153,561.7
1155,17,23.275654388496207,-273324.0,154,512.9
1156,18,24.921011296779056,-273492.0,154,233.9
1157,14,22.473800663555,-273662.0,154,239.6
1158,18,23.866176336020835,-273818.0,154,246.2
1159,18,24.432957283166623,-273998.0,155,253.2
1160,21,25.93319608471997,-274195.0,155,260.7
1161,19,24.437021906996257,-274388.0,155,268.9
1162,21,26.341504639781217,-274604.0,155,277.9
1163,23,27.364506593818366,-274821.0,155,287.8
1164,24,25.619431511884187,-275047.0,155,298.5
1165,23,25.55603303295329,-275272.0,156,310.1
1166,26,24.379773742926094,-275511.0,156,322.6
1167,23,22.674528135883484,-275758.0,157,336.0
1168,25,21.709373222996813,-276001.0,157,350.2
1169,24,21.63313482123602,-276237.0,157,365.8
1170,24,21.826459428062105,-276482.0,157,382.8
1171,27,22.864974306785857,-276740.0,157,399.8
1172,27,22.19137592349777,-277000.0,157,418.1
1173,26,20.910670755317962,-277278.0,157,437.1
1174,26,19.562069334101494,-277535.0,157,456.1
1175,26,18.873659682222403,-277803.0,157,475.5
1176,28,19.153777105315363,-278069.0,157,495.5
1177,26,18.221558219139354,-278330.0,157,515.7
1178,28,18.816458475587797,-278594.0,157,536.7
1179,25,17.24850379764877,-278856.0,157,558.4
1180,27,17.979834922276524,-279114.0,157,580.4
1181,27,17.029664755218107,-279382.0,157,602.4
1182,28,16.511366603047463,-279665.0,157,624.4
1183,27,15.827535810641356,-279928.0,158,646.4
1184,27,17.668773894855804,-280202.0,158,668.4
1185,29,17.74111364397668,-280483.0,158,690.4
1186,28,16.606012493612187,-280765.0,158,712.4
1187,28,16.721682856959465,-281049.0,158,734.4
1188,27,13.326542341089821,-281319.0,158,756.4
1189,29,13.79471471981867,-281603.0,159,496.8
1190,28,13.222952528842475,-281888.0,159,518.1
1191,28,12.947851384809317,-282155.0,159,540.1
1192,28,11.747919312686491,-282435.0,159,562.8
1193,32,15.018272237633006,-282744.0,159,586.8
1194,30,16.27356201102558,-283039.0,159,610.8
1195,31,18.502926052601897,-283357.0,159,634.8
1196,31,19.71556701188136,-283666.0,159,658.8
1197,30,18.60497449507146,-283972.0,159,682.8
1198,32,19.980226094495897,-284276.0,159,706.8
1199,31,20.057999480248835,-284593.0,159,730.8
1200,29,18.5508484003201,-284893.0,159,754.8
1201,32,18.219083406388368,-285200.0,161,778.8
1202,30,19.219797408348256,-285508.0,161,802.8
1203,31,18.812996125679412,-285817.0,162,826.8
1204,29,17.588361773298367,-286103.0,162,851.0
1205,29,15.19408328807712,-286396.0,163,876.0
1206,28,16.19560862700557,-286687.0,163,901.0
1207,29,15.453968737430424,-286971.0,164,926.0
1208,29,17.494744286338612,-287261.0,164,951.0
1209,30,17.185577475372124,-287562.0,164,976.0
1210,29,16.007207209670543,-287858.0,164,1001.0
1211,29,14.467129059808846,-288156.0,164,1026.0
1212,29,12.923673990851743,-288446.0,164,1051.0
1213,29,14.52416786254329,-288737.0,164,1076.0
1214,31,15.334115583777862,-289035.0,165,1101.0
1215,28,15.470892320080528,-289334.0,165,1126.0
1216,30,16.260195447038907,-289632.0,165,1151.0
1217,30,15.463557433895994,-289928.0,166,1176.0
1218,28,14.8018930491903,-290219.0,166,1201.0
1219,30,16.369787403303835,-290512.0,166,1226.0
1220,29,16.442161718310487,-290805.0,166,1222.6
1221,28,14.545234274544763,-291090.0,166,1246.6
1222,27,13.643084189458822,-291360.0,166,1025.9
1223,28,13.067272164746207,-291640.0,167,1047.9
1224,27,12.78895122689776,-291909.0,167,1070.9
1225,27,12.151882817757395,-292188.0,167,1093.9
1226,28,14.609630742773014,-292465.0,167,1116.9
1227,29,15.118871529382377,-292740.0,167,1139.9
1228,27,14.289496949019435,-293025.0,167,1162.9
1229,27,13.718198416564517,-293296.0,169,1185.9
1230,27,14.867634337236375,-293568.0,169,1208.9
1231,25,14.610214636997862,-293826.0,169,1231.9
1232,27,15.457295059095705,-294080.0,170,1254.9
1233,25,13.15584538395154,-294346.0,171,1277.9
1234,27,15.191223699740956,-294611.0,171,1300.9
1235,27,12.353958526513532,-294881.0,171,1323.9
1236,27,13.94326697213009,-295153.0,171,1346.9
1237,27,14.858026482430416,-295430.0,171,1369.9
1238,27,13.80679633432654,-295700.0,171,1392.9
1239,27,14.626328648793043,-295970.0,171,1415.9
1240,27,12.704911171281427,-296243.0,171,1438.9
1241,27,12.00134367690242,-296519.0,172,1461.9
1242,26,9.66593395293449,-296784.0,172,1484.9
1243,26,10.158590873819568,-297052.0,172,1507.9
1244,26,10.669410438033658,-297314.0,172,1530.9
1245,27,12.205840495995034,-297582.0,172,1553.9
1246,27,12.042384334548569,-297849.0,172,1576.9
1247,27,12.892454092786274,-298120.0,172,1599.9
1248,27,12.655998195936725,-298388.0,172,1622.9
1249,27,12.764213084518605,-298659.0,172,1645.9
1250,27,13.167885211995909,-298930.0,173,1668.9
1251,28,15.001899631702598,-299202.0,173,1691.9
1252,27,14.404786680431299,-299470.0,173,1714.9
1253,27,12.631543201763467,-299745.0,173,1737.9
1254,26,10.128524997085902,-300007.0,173,1760.9
1255,26,8.76127335590403,-300267.0,173,1013.5
1256,24,7.245679011585096,-300520.0,173,673.2
1257,23,9.884248871622223,-300750.0,173,351.3
1258,20,10.690680033434138,-300971.0,173,279.59999999999997
1259,19,14.701782577321826,-301169.0,173,286.59999999999997
1260,17,19.554336323389037,-301347.0,173,294.2
1261,15,23.827996106711133,-301509.0,173,302.2
1262,15,25.2608314643803,-301662.0,173,310.2
1263,15,24.462203864945177,-301803.0,173,318.2
1264,13,26.661465151541343,-301945.0,173,326.2
1265,13,26.004001181300968,-302075.0,173,334.2
1266,13,28.17663587775263,-302201.0,173,342.2
1267,12,28.51187157509838,-302328.0,173,350.2
1268,13,30.137459600373116,-302458.0,173,358.2
1269,13,28.94671842582985,-302579.0,173,366.2
1270,13,28.711991119702564,-302710.0,173,374.2
1271,13,28.522441377142098,-302838.0,173,382.2
1272,13,27.96319329348082,-302967.0,173,390.2
1273,12,27.630833377424278,-303094.0,173,398.2
1274,14,29.011535282229456,-303221.0,173,406.2
1275,12,29.497177363099887,-303345.0,173,414.2
1276,13,28.32916317760709,-303473.0,173,422.2
1277,13,26.790796179157784,-303599.0,173,430.2
1278,13,27.50576631619578,-303735.0,173,438.2
1279,13,26.96913870469838,-303860.0,173,446.2
1280,12,28.156687342695967,-303992.0,173,454.2
1281,14,30.405821764106737,-304125.0,173,462.2
1282,12,29.444215766271313,-304249.0,173,470.2
1283,12,29.17030141948997,-304370.0,174,478.2
1284,12,27.2879634414284,-304496.0,174,486.2
1285,14,26.937937433174113,-304624.0,174,494.2
1286,12,26.006668595545662,-304757.0,175,502.2
1287,14,25.689561025280103,-304884.0,175,510.2
1288,13,24.63510883492174,-305023.0,175,224.6
1289,13,24.324285568258002,-305156.0,176,230.6
1290,14,21.748448392396543,-305294.0,176,236.6
1291,15,18.368961557201867,-305437.0,177,243.4
1292,15,19.077420741895235,-305591.0,178,250.4
1293,16,19.251380090693463,-305742.0,179,257.6
1294,17,19.12187707767031,-305912.0,179,265.6
1295,18,17.84493602884034,-306083.0,179,274.0
1296,18,20.056773656961216,-306267.0,179,283.9
1297,20,19.32419817389955,-306454.0,179,293.9
1298,18,17.162152564875004,-306649.0,179,305.6
1299,22,18.29380276696036,-306852.0,179,317.6
1300,21,16.92563541906342,-307057.0,179,331.1
1301,20,16.883171570391724,-307268.0,179,345.1
1302,22,17.25135990117548,-307480.0,179,360.1
1303,21,16.329806997563608,-307697.0,179,376.1
1304,22,15.96507660233977,-307912.0,179,392.1
1305,21,14.51130537334476,-308125.0,179,409.3
1306,22,14.403747371552901,-308346.0,179,427.3
1307,21,13.171795524922114,-308558.0,179,445.3
1308,21,14.166523210771048,-308780.0,179,463.3
1309,23,13.970816311691706,-308996.0,179,482.3
1310,21,13.699404118095377,-309218.0,179,501.3
1311,23,15.083374571272143,-309445.0,179,520.3
1312,23,15.21469977821332,-309660.0,179,539.3
1313,21,15.626563891377199,-309883.0,179,558.3
1314,23,15.966648683230742,-310101.0,179,577.3
1315,22,16.624505987724124,-310321.0,179,596.3
1316,22,15.674316164676132,-310545.0,179,615.3
1317,21,13.325135712770244,-310757.0,179,634.3
1318,21,14.468621449891433,-310978.0,180,653.3
1319,21,12.318320026735453,-311188.0,180,672.3
1320,21,8.37985647662203,-311398.0,180,691.3
1321,21,7.866755178538503,-311608.0,180,513.5
1322,22,6.815742415460932,-311820.0,180,532.5
1323,21,7.105113004771449,-312027.0,181,551.5
1324,22,8.933329912750828,-312241.0,181,570.5
1325,22,10.024800227923773,-312466.0,181,589.5
1326,21,9.795093854466064,-312677.0,181,608.5
1327,22,12.096428068682155,-312895.0,181,627.5
1328,21,11.979719677030912,-313109.0,181,646.5
1329,21,11.630851039399788,-313319.0,181,665.5
1330,21,14.557860568582454,-313539.0,181,684.5
1331,22,15.878464394052962,-313754.0,181,703.5
1332,22,14.939383913855425,-313981.0,182,722.5
1333,23,15.358396966840253,-314200.0,182,741.5
1334,21,13.84970209465954,-314419.0,183,760.5
1335,23,15.600294014096312,-314635.0,183,779.5
1336,21,14.34783070554495,-314858.0,183,798.5
1337,23,16.17920038743643,-315075.0,183,817.5
1338,21,15.42211477552138,-315297.0,183,836.5
1339,23,17.484335580914045,-315519.0,183,855.5
1340,22,15.832825090209944,-315736.0,183,874.5
1341,21,14.695212980250085,-315955.0,184,893.5
1342,23,16.14259171953637,-316175.0,184,912.5
1343,21,14.922767163717776,-316391.0,184,931.5
1344,22,16.37842818997749,-316605.0,184,950.5
1345,22,17.293294728685883,-316828.0,184,969.5
1346,23,17.420128064901267,-317050.0,184,988.5
1347,21,15.52681270891382,-317271.0,184,1007.5
1348,23,15.387864087666692,-317487.0,184,1026.5
1349,21,13.832774133287376,-317704.0,184,1045.5
1350,22,14.161933133862734,-317923.0,184,1064.5
1351,22,14.147018857619955,-318141.0,184,1083.5
1352,22,15.000836639774821,-318362.0,184,1102.5
1353,21,12.728805553778733,-318572.0,184,1121.5
1354,21,11.086388602901424,-318782.0,184,849.0
1355,21,11.283868871858475,-318996.0,184,865.8
1356,20,11.030044922621482,-319197.0,184,883.8
1357,22,13.20844025456799,-319399.0,184,901.8
1358,21,11.49917216532925,-319618.0,185,919.8
1359,21,10.652491171429816,-319828.0,186,937.8
1360,22,13.883869967923875,-320042.0,186,955.8
1361,22,11.107815358190319,-320260.0,187,973.8
1362,22,12.449394781522566,-320474.0,187,991.8000000000001
1363,22,12.314352122388545,-320696.0,187,1009.8000000000001
1364,22,13.565328851227333,-320909.0,187,1027.8
1365,22,14.812409618093104,-321130.0,187,1045.8
1366,22,15.624382430083918,-321348.0,187,1063.8
1367,23,17.559591072231377,-321569.0,187,1081.8
1368,22,17.05851614894059,-321792.0,187,1099.8
1369,23,16.660104095067954,-322015.0,187,1117.8
1370,22,15.528765981465845,-322235.0,187,1135.8
1371,22,16.298563166490972,-322450.0,187,1153.8
1372,22,15.08539465618175,-322670.0,187,1171.8
1373,21,13.76753019786638,-322888.0,188,1189.8
1374,22,14.933578859826795,-323107.0,188,1207.8
1375,23,14.756595511486141,-323327.0,188,1225.8
1376,22,14.567668752067211,-323547.0,188,1243.8
1377,22,15.408579075178212,-323775.0,188,1261.8
1378,23,15.18524714738561,-324001.0,189,1279.8
1379,22,15.535512312887164,-324224.0,189,1297.8
1380,20,13.176172594605545,-324439.0,190,1315.8
1381,22,14.860943012573077,-324659.0,191,1333.8
1382,21,14.506369381439926,-324877.0,191,1351.8
1383,22,13.258659397345523,-325096.0,192,1369.8
1384,22,15.389556382234698,-325309.0,192,1387.8
1385,22,12.891003358811084,-325529.0,192,1405.8
1386,20,10.923682843392323,-325739.0,192,1423.8
1387,20,10.495452398956134,-325939.0,192,877.5
1388,19,8.232937971720604,-326133.0,192,534.6999999999999
1389,18,9.264864913275638,-326313.0,193,206.6
1390,16,12.577894329165883,-326483.0,193,212.6
1391,16,13.773722574905529,-326643.0,193,218.6
1392,14,20.438187882563696,-326787.0,193,224.6
1393,12,23.464209418523538,-326919.0,193,230.6
1394,13,26.446854988293296,-327043.0,193,236.6
1395,12,26.967022591698434,-327165.0,193,242.6
1396,11,27.38402322074782,-327277.0,193,248.6
1397,11,29.56393141899806,-327395.0,193,254.6
1398,10,30.767016231651915,-327499.0,193,260.6
1399,11,30.825983623264413,-327612.0,193,266.6
1400,10,30.84558976623133,-327718.0,193,272.6
1401,11,30.633247252122498,-327817.0,193,278.6
1402,9,30.51845976291824,-327923.0,193,284.6
1403,10,29.75456598548927,-328021.0,193,290.6
1404,12,31.11974545104557,-328131.0,193,296.6
1405,10,30.423272829149372,-328241.0,193,302.6
1406,11,31.030277570540648,-328345.0,193,308.6
1407,10,31.913401892660637,-328451.0,193,314.6
1408,11,31.095133298760473,-328551.0,193,320.6
1409,10,30.72737148505319,-328651.0,193,326.6
1410,11,31.338801293357424,-328759.0,193,332.6
1411,11,31.695140791491376,-328864.0,193,338.6
1412,10,31.531276664589768,-328970.0,193,344.6
1413,11,30.105550526654614,-329076.0,193,350.6
1414,12,30.066450460305834,-329190.0,193,356.6
1415,11,29.04777719078801,-329298.0,193,362.6
1416,11,30.582746662355422,-329412.0,193,368.6
1417,10,31.049343002931323,-329514.0,193,374.6
1418,10,31.826000961890088,-329606.0,194,380.6
1419,10,29.719139937910178,-329706.0,194,386.59999999999997
1420,12,26.308030803479465,-329812.0,194,194.7
1421,10,24.700100679767626,-329923.0,194,200.29999999999998
1422,13,24.1026809778582,-330040.0,194,206.29999999999998
1423,13,22.684071423890376,-330170.0,194,212.29999999999998
1424,15,22.738876145110513,-330320.0,194,218.29999999999998
1425,16,23.024186915634967,-330464.0,194,224.29999999999998
1426,16,22.245118324086334,-330627.0,194,231.2
1427,18,23.070180448054163,-330784.0,194,239.2
1428,16,19.715062961876153,-330955.0,194,247.6
1429,19,21.060609194219015,-331129.0,194,257.5
1430,19,20.6897125600634,-331304.0,194,267.5
1431,18,19.428451016406346,-331490.0,194,279.2
1432,19,17.849923931279072,-331669.0,194,291.2
1433,21,18.421521217224395,-331856.0,194,304.09999999999997
1434,19,16.623077571841698,-332052.0,194,318.09999999999997
1435,21,16.224735535230348,-332253.0,194,332.09999999999997
1436,20,15.84743742105513,-332449.0,194,346.9
1437,20,15.634851644770123,-332653.0,194,362.2
1438,20,15.301972268736304,-332853.0,194,378.2
1439,20,16.288079322406897,-333053.0,194,395.0
1440,21,17.712478027468716,-333254.0,194,412.0
1441,20,17.253373179923198,-333459.0,194,429.0
1442,20,16.086431352954914,-333661.0,194,446.0
1443,20,16.773776763029645,-333862.0,194,463.0
1444,19,15.511517631599682,-334057.0,194,480.0
1445,19,15.387639746628615,-334255.0,194,497.0
1446,20,15.325394809991746,-334455.0,194,514.0
1447,20,15.041027679438933,-334653.0,194,531.0
1448,20,14.79823445441418,-334856.0,194,548.0
1449,21,14.400236217496532,-335060.0,195,565.0
1450,19,14.82750044921315,-335260.0,195,582.0
1451,20,16.025886980481967,-335459.0,195,599.0
1452,19,12.941674882750299,-335652.0,196,616.0
1453,19,12.766793363967617,-335842.0,196,436.2
1454,20,12.127063611086873,-336035.0,196,451.2
1455,19,12.03472356544828,-336225.0,196,468.0
1456,19,8.893484095281813,-336415.0,196,485.0
1457,20,11.408489833984206,-336617.0,196,502.0
1458,20,12.170584346065795,-336811.0,196,519.0
1459,21,15.372332816636073,-337014.0,196,536.0
1460,20,15.608532528602389,-337219.0,196,553.0
1461,21,17.92419557542517,-337423.0,196,570.0
1462,19,16.268111327819565,-337622.0,196,587.0
1463,19,15.883962050312304,-337812.0,196,604.0
1464,19,16.021272428204107,-338012.0,196,621.0
1465,21,17.779419117387427,-338208.0,196,638.0
1466,19,17.372860629306206,-338413.0,196,655.0
1467,20,17.75482576254399,-338609.0,197,672.0
1468,20,16.694113122320076,-338807.0,197,689.0
1469,20,16.537537743810354,-339007.0,197,706.0
1470,21,17.516832768124438,-339207.0,197,723.0
1471,19,16.242179990249745,-339407.0,197,740.0
1472,20,16.84141787844146,-339604.0,197,757.0
1473,21,18.078208008534684,-339807.0,197,774.0
1474,19,15.758208098150444,-340007.0,197,791.0
1475,21,18.144042338853836,-340207.0,197,808.0
1476,19,17.293453894348467,-340403.0,197,825.0
1477,21,18.585048839274624,-340608.0,197,842.0
1478,20,17.692075295791774,-340808.0,197,859.0
1479,19,16.305751475406524,-341005.0,197,876.0
1480,21,16.425060614142424,-341197.0,198,893.0
1481,19,16.20794630231413,-341387.0,198,910.0
1482,21,17.682998796414548,-341583.0,198,927.0
1483,19,17.92664116157754,-341786.0,198,944.0
1484,21,19.15562640293694,-341989.0,198,961.0
1485,19,15.300761323962936,-342185.0,198,978.0
1486,21,16.167918428471285,-342379.0,198,799.4
1487,20,13.563280738188366,-342583.0,198,814.5
1488,19,12.131792142059057,-342773.0,198,831.3
1489,21,15.14792167090036,-342977.0,198,848.3
1490,20,16.817590371910736,-343183.0,198,865.3
1491,21,17.563766709324902,-343392.0,198,882.3
1492,21,18.361870005779508,-343603.0,199,899.3
1493,22,17.19741767695392,-343816.0,200,916.3
1494,21,17.424273469575358,-344029.0,200,933.3
1495,20,15.786166028210495,-344243.0,200,950.3
1496,21,14.401685834566123,-344453.0,200,967.3
1497,21,16.63558601113451,-344654.0,200,984.3
1498,21,14.086138793713381,-344864.0,200,1001.3
1499,21,15.304423822397037,-345065.0,201,1018.3
1500,21,13.853699640634385,-345275.0,201,1035.3
1501,21,15.07372437902033,-345480.0,201,1039.1
1502,22,15.21567268936002,-345691.0,201,1056.1
1503,21,14.95497687390102,-345901.0,202,1073.1
1504,21,16.506072599708816,-346116.0,202,1090.1
1505,21,17.00551168515194,-346326.0,202,1107.1
1506,21,17.663290402126503,-346535.0,202,1124.1
1507,21,17.455645759121968,-346749.0,202,1141.1
1508,22,18.038596004599814,-346960.0,202,1158.1
1509,21,16.892512450197568,-347171.0,202,1175.1
1510,20,14.39063261533026,-347379.0,202,1192.1
1511,21,16.472487791018597,-347580.0,202,1199.1
1512,21,13.906505036375759,-347790.0,202,1216.1
1513,21,13.379838269619782,-347995.0,202,1233.1
1514,21,13.249567021083031,-348205.0,202,1246.2
1515,20,12.242504198612128,-348412.0,202,1262.2
1516,20,11.764873505558166,-348614.0,202,1278.2
1517,19,9.300447518947115,-348804.0,202,1294.2
1518,19,7.113092229101855,-348994.0,202,1310.8
1519,19,7.85107373195247,-349184.0,202,852.6
1520,18,7.881326686097709,-349367.0,202,506.7
1521,18,6.461007924785713,-349547.0,202,175.5
1522,17,7.52889396653702,-349721.0,202,181.5
1523,16,10.737648481981086,-349888.0,202,187.5
1524,15,15.308017671284585,-350039.0,202,193.5
1525,13,19.487707046857707,-350181.0,202,199.5
1526,13,23.0319862770611,-350315.0,202,205.5
1527,12,24.506218117061994,-350442.0,202,211.5
1528,13,25.355253079995066,-350563.0,202,217.5
1529,11,28.44494567242155,-350681.0,202,223.5
1530,10,29.898232409480176,-350789.0,202,229.5
1531,11,31.236048223947222,-350893.0,202,235.5
1532,9,32.390273488992214,-350995.0,202,241.5
1533,10,31.712115665016967,-351100.0,202,247.5
1534,10,31.949522173912918,-351204.0,202,253.5
1535,11,31.05343484368565,-351314.0,202,259.5
1536,10,30.0947922595347,-351412.0,202,265.5
1537,11,30.802402780683437,-351522.0,202,271.5
1538,10,31.677566896171328,-351625.0,202,277.5
1539,10,32.65491971527512,-351732.0,202,283.5
1540,10,31.194830113886052,-351832.0,202,289.5
1541,11,29.899355605247628,-351944.0,202,295.5
1542,10,28.719192344239758,-352048.0,202,301.5
1543,11,28.581325965121568,-352158.0,202,307.5
1544,10,29.199688406554433,-352266.0,202,313.5
1545,11,30.73168139351832,-352374.0,202,319.5
1546,10,29.9901737497574,-352476.0,202,325.5
1547,12,28.913257380024003,-352590.0,203,331.5
1548,10,29.621312592782388,-352691.0,203,337.5
1549,11,28.6826839927842,-352802.0,203,343.5
1550,12,29.60458013991081,-352907.0,203,349.5
1551,11,28.59816613690985,-353020.0,203,355.5
1552,12,26.39094279172242,-353137.0,203,166.1
1553,11,23.248019794444257,-353258.0,203,171.2
1554,13,24.366637727857743,-353378.0,203,177.2
1555,13,22.1258739620562,-353508.0,203,183.2
1556,16,23.00504820860591,-353662.0,203,189.2
1557,16,22.900564670457594,-353819.0,203,196.1
1558,16,22.97046562309261,-353976.0,203,203.5
1559,16,19.6839397276205,-354135.0,203,212.0
1560,18,17.155364250610404,-354307.0,203,221.2
1561,18,17.30857593935082,-354483.0,203,231.6
1562,18,17.594846147166606,-354668.0,203,242.6
1563,19,17.338812369810046,-354844.0,203,254.29999999999998
1564,17,16.127150090682356,-355023.0,203,267.3
1565,20,15.592857827001025,-355206.0,203,280.3
1566,19,15.915008258830825,-355404.0,203,294.9
1567,18,14.808534818602562,-355592.0,203,309.9
1568,17,11.94727639400787,-355766.0,203,324.9
1569,17,11.76661324530806,-355936.0,203,339.9
1570,17,8.671819123824982,-356106.0,203,355.7
1571,17,6.668066373920807,-356276.0,203,372.7
1572,17,5.033464575210419,-356446.0,203,389.7
1573,17,0.0015048196723036213,-356616.0,203,406.7
1574,17,0.0005588802195657848,-356786.0,203,423.7
1575,17,0.0001978163608288336,-356956.0,203,440.7
1576,17,7.080366494089361e-05,-357126.0,203,457.7
1577,17,2.5766333836958596e-05,-357296.0,203,474.7
1578,17,9.119683085752994e-06,-357466.0,203,491.7
1579,17,0.0,-357636.0,203,508.7
1580,17,0.0,-357806.0,203,525.7
1581,17,0.0,-357976.0,203,542.7
1582,17,0.0,-358146.0,203,559.6999999999999
1583,17,0.0,-358316.0,203,576.6999999999999
1584,17,0.0,-358486.0,203,593.6999999999999
1585,17,0.714017927983342,-358656.0,203,447.09999999999997
1586,17,1.3115998246930585,-358826.0,203,462.09999999999997
1587,16,1.9647917859471609,-358986.0,203,477.09999999999997
1588,16,2.5158450175845926,-359146.0,203,492.09999999999997
1589,17,7.7010855781200265,-359312.0,203,507.09999999999997
1590,17,7.845045383052153,-359482.0,203,522.1
1591,18,9.973258243184214,-359660.0,203,537.1
1592,18,13.230699922355633,-359844.0,203,552.1
1593,17,12.930254903145107,-360022.0,203,567.1
1594,18,14.223612192909444,-360195.0,203,582.1
1595,17,15.801231308389545,-360365.0,203,597.1
1596,18,15.824250012233945,-360545.0,203,612.1
1597,19,18.63949655862438,-360724.0,203,627.1
1598,18,19.80903943689423,-360907.0,203,642.1
1599,19,20.07263658530162,-361095.0,203,657.1
1600,17,18.622202890926527,-361272.0,203,672.1
1601,17,17.86014861108266,-361447.0,203,687.1
1602,18,19.17289512184795,-361618.0,204,702.1
1603,17,17.901350036351616,-361797.0,204,717.1
1604,19,19.32900228516399,-361980.0,205,732.1
1605,18,20.051081309828735,-362161.0,205,747.1
1606,19,19.178331542178945,-362348.0,205,762.1
1607,17,16.444001825376983,-362519.0,206,777.1
1608,18,16.15502525469901,-362690.0,206,792.1
1609,17,15.918048341072529,-362874.0,206,807.1
1610,19,17.575086599912716,-363052.0,206,822.1
1611,18,16.68191450943153,-363240.0,206,837.1
1612,18,17.986957733207007,-363416.0,206,852.1
1613,17,15.377076333282796,-363599.0,206,867.1
1614,18,14.36585643084697,-363777.0,206,882.1
1615,17,12.59951634258964,-363950.0,206,897.1
1616,18,14.889378896563839,-364136.0,206,912.1
1617,17,13.914386632881232,-364308.0,206,927.1
1618,17,13.327147272355056,-364478.0,206,742.0
1619,18,14.943756001407015,-364661.0,206,755.2
1620,17,13.843287772580704,-364831.0,206,770.2
1621,19,16.372308275537343,-365015.0,206,785.2
1622,19,17.43777024148505,-365211.0,206,800.2
1623,19,17.192969641433038,-365401.0,207,815.2
1624,19,19.361723259016614,-365593.0,207,830.2
1625,19,15.922034012821735,-365783.0,207,845.2
1626,17,14.834174420025102,-365957.0,207,860.2
1627,20,15.890707133548922,-366148.0,207,875.2
1628,19,15.877080032207102,-366340.0,207,890.2
1629,19,14.340090174474376,-366530.0,207,905.2
1630,19,15.248524841641142,-366724.0,207,920.2
1631,19,14.14088914016765,-366914.0,207,935.2
1632,19,15.317122664651835,-367105.0,208,950.2
1633,18,14.25324737497336,-367292.0,208,965.2
1634,19,16.1582024022466,-367478.0,208,980.2
1635,19,17.34565597591152,-367665.0,208,995.2
1636,19,17.157086959157525,-367855.0,208,1010.2
1637,19,17.741978531924122,-368047.0,208,1025.2
1638,20,19.164902444140903,-368242.0,208,1040.2
1639,19,18.2238854026331,-368433.0,208,1055.2
1640,17,16.084018816417007,-368615.0,208,1070.2
1641,19,16.10694741365921,-368797.0,208,1085.2
1642,18,17.349749783690346,-368977.0,208,1100.2
1643,19,15.765766862625545,-369167.0,208,1115.2
1644,19,15.555885367107056,-369363.0,209,1130.2
1645,19,16.61266604366687,-369554.0,209,1145.2
1646,19,16.24986242915129,-369748.0,209,1160.2
1647,19,16.634520480888078,-369940.0,209,1175.2
1648,19,17.242514329297112,-370128.0,209,1190.2
1649,17,15.140305416783837,-370307.0,209,1205.2
1650,17,12.113107747255816,-370477.0,209,1220.2
1651,17,8.793178317041823,-370647.0,210,666.0
1652,16,8.211259104152079,-370816.0,210,319.6
1653,15,8.940529150829182,-370966.0,210,71.9
1654,13,10.659669405063653,-371108.0,210,75.9
1655,13,16.194194360240278,-371238.0,210,79.9
1656,12,19.97944555336405,-371359.0,210,83.9
1657,11,21.93594338090265,-371473.0,210,87.9
1658,13,23.74730126579353,-371589.0,210,91.9
1659,11,27.133445863912453,-371700.0,210,95.9
1660,9,28.43008854682977,-371807.0,210,99.9
1661,10,30.03209535030605,-371901.0,210,103.9
1662,9,31.5455624505484,-371997.0,210,107.9
1663,9,31.851738939661566,-372095.0,210,111.9
1664,9,31.18156125740976,-372182.0,211,115.9
1665,8,31.10679808019671,-372270.0,211,119.9
1666,9,31.03594942884746,-372356.0,211,123.9
1667,9,30.16283089474955,-372448.0,211,127.9
1668,9,30.04558765248099,-372535.0,211,131.9
1669,9,30.186022212938184,-372625.0,211,135.9
1670,9,29.86124457596143,-372720.0,212,139.9
1671,9,32.99350012514531,-372811.0,212,143.9
1672,8,32.30625147406642,-372896.0,212,147.9
1673,9,32.675300975051066,-372978.0,212,151.9
1674,8,32.17965546581707,-373062.0,212,155.9
1675,8,32.226900239701635,-373146.0,212,159.9
1676,9,34.095873884662666,-373233.0,212,163.9
1677,8,34.916112846499196,-373319.0,212,167.9
1678,8,34.888797796306996,-373411.0,212,171.9
1679,9,34.917186822496056,-373496.0,212,175.9
1680,8,34.62391768419412,-373589.0,212,179.9
1681,10,32.37645767106757,-373677.0,212,183.9
1682,8,30.052444014249563,-373766.0,212,187.9
1683,10,28.379939159581372,-373857.0,212,191.89999999999998
1684,10,25.59625135192363,-373957.0,212,196.1
1685,11,23.341544600278457,-374060.0,212,201.89999999999998
1686,12,21.25823748059268,-374175.0,212,207.89999999999998
1687,13,19.451619922855674,-374297.0,212,213.89999999999998
1688,13,15.034158175841762,-374427.0,212,219.89999999999998
1689,14,11.995256565038058,-374565.0,212,226.79999999999998
1690,15,10.91106518417579,-374706.0,212,234.79999999999998
1691,15,4.487120574029195,-374856.0,212,242.89999999999998
1692,15,3.0022119046284566,-375006.0,212,252.89999999999998
1693,16,1.8314934222925507,-375162.0,212,262.9
1694,16,0.9989460031619349,-375322.0,212,274.7
1695,16,0.4970964127137582,-375482.0,212,286.7
1696,16,0.22357265746863098,-375642.0,212,300.4
1697,16,0.09328827289402598,-375802.0,212,314.4
1698,16,0.037986692379064796,-375962.0,212,329.4
1699,16,0.015560920776208013,-376122.0,212,345.4
1700,16,0.006206406298921383,-376282.0,212,361.4
1701,16,0.0025164337210491715,-376442.0,212,377.4
1702,16,0.0010437931517971208,-376602.0,212,393.4
1703,16,0.00042151454415618496,-376762.0,212,409.4
1704,16,0.00017034685777159435,-376922.0,212,425.4
1705,16,6.587803642941951e-05,-377082.0,212,441.4
1706,16,2.2512746631414976e-05,-377242.0,212,457.4
1707,16,8.084818848671255e-06,-377402.0,212,473.4
1708,16,0.0,-377562.0,212,489.4
1709,16,0.0,-377722.0,212,505.4
1710,16,0.0,-377882.0,212,521.4
1711,16,0.0,-378042.0,212,537.4
1712,16,0.0,-378202.0,212,553.4
1713,16,0.0,-378362.0,212,569.4
1714,16,0.0,-378522.0,212,585.4
1715,16,0.0,-378682.0,212,601.4
1716,16,0.0,-378842.0,212,617.4
1717,16,1.0016853390628415,-379002.0,212,437.2
1718,15,1.8536912545081963,-379157.0,212,451.2
1719,16,7.159596325102045,-379307.0,212,465.2
1720,16,7.729717459913331,-379467.0,212,479.2
1721,18,11.992414761016036,-379645.0,212,493.2
1722,17,14.472287457280423,-379816.0,212,507.2
1723,17,16.224394474854293,-379987.0,212,521.2
1724,16,15.440831955449035,-380149.0,212,535.2
1725,18,17.697059146242175,-380315.0,212,549.2
1726,16,17.53476325839208,-380482.0,212,563.2
1727,18,18.884389926767035,-380655.0,212,577.2
1728,16,17.236842151635734,-380828.0,212,591.2
1729,17,18.810780069286533,-380995.0,212,605.2
1730,17,17.404177530453314,-381168.0,212,619.2
1731,17,15.970829054292407,-381336.0,213,633.2
1732,16,15.535924415798995,-381496.0,213,647.2
1733,15,14.261558478716706,-381654.0,213,661.2
1734,16,17.086959170600924,-381814.0,213,675.2
1735,18,18.489205083618096,-381981.0,213,689.2
1736,16,17.478948970774468,-382154.0,213,703.2
1737,18,19.12682519271909,-382324.0,213,717.2
1738,16,17.696994964980945,-382491.0,213,731.2
1739,17,17.41682227915349,-382658.0,214,745.2
1740,18,19.676308474072684,-382828.0,214,759.2
1741,16,18.630309627678788,-382997.0,214,773.2
1742,18,20.231794861627854,-383165.0,214,787.2
1743,17,21.418410600860884,-383332.0,214,801.2
1744,18,20.64200195395037,-383510.0,214,815.2
1745,17,20.05681035215885,-383675.0,214,829.2
1746,16,17.616675585647194,-383843.0,214,843.2
1747,17,18.78818304356383,-384007.0,215,857.2
1748,16,18.054283465593528,-384172.0,215,871.2
1749,16,15.672907961686136,-384332.0,215,885.2
1750,18,17.89044884123616,-384496.0,215,701.5
1751,16,13.954715651145166,-384670.0,216,714.8
1752,16,12.616615976748987,-384830.0,216,728.8
1753,18,14.019331473768432,-385010.0,216,742.8
1754,16,13.190380924060605,-385182.0,216,756.8
1755,18,17.279032960979688,-385346.0,216,770.8
1756,17,16.66200191604452,-385521.0,216,784.8
1757,18,16.574889642685907,-385694.0,216,798.8
1758,19,17.63791745987814,-385880.0,216,812.8
1759,18,16.047084577258733,-386057.0,216,826.8
1760,18,17.208197215477984,-386238.0,216,840.8
1761,18,18.43223795010704,-386416.0,216,854.8
1762,18,18.91385654166343,-386599.0,216,868.8
1763,18,19.388186585123076,-386781.0,216,882.8
1764,18,18.24705889447228,-386962.0,216,896.8
1765,19,18.89572506738647,-387144.0,216,910.8
1766,18,18.93653686815027,-387327.0,216,924.8
1767,17,17.773657737234448,-387502.0,216,938.8
1768,18,17.509550523105176,-387681.0,216,952.8
1769,16,15.965910584214917,-387859.0,216,966.8
1770,18,16.155958503445017,-388037.0,217,980.8
1771,18,18.5444346949545,-388220.0,217,994.8
1772,19,16.900799677941503,-388401.0,217,1008.8
1773,18,17.91256770587144,-388583.0,217,1022.8
1774,17,16.53746627686421,-388762.0,217,1036.8
1775,16,16.0189369979795,-388924.0,217,1050.8
1776,14,13.769468549941797,-389076.0,218,1064.8
1777,14,12.027719079018594,-389216.0,218,1078.8
1778,14,10.056175359375045,-389356.0,218,1092.8
1779,14,5.771027842839514,-389496.0,218,1106.8
1780,14,5.885541980879667,-389636.0,218,1120.8
1781,14,0.0,-389776.0,218,1134.8
1782,14,0.0,-389916.0,218,1148.8
1783,14,1.9305465180160515,-390056.0,218,591.8
1784,13,5.190388021503282,-390195.0,218,240.3
1785,12,9.496221430528603,-390315.0,218,69.30000000000001
1786,10,14.744815795667112,-390425.0,218,71.30000000000001
1787,10,22.294818077247122,-390525.0,218,73.30000000000001
1788,8,24.935030172508796,-390609.0,218,75.30000000000001
1789,8,27.42767233754726,-390692.0,218,77.30000000000001
1790,8,30.110952242316515,-390772.0,218,79.30000000000001
1791,7,32.10531209029218,-390843.0,218,81.30000000000001
1792,7,33.54240709129557,-390908.0,218,83.30000000000001
1793,8,34.8309552299573,-390982.0,218,85.30000000000001
1794,7,35.28823342127647,-391051.0,218,87.30000000000001
1795,8,35.00883763380738,-391126.0,218,89.30000000000001
1796,6,34.61812058554219,-391192.0,218,91.30000000000001
1797,7,35.97283971628253,-391266.0,218,93.30000000000001
1798,6,36.50580014337814,-391328.0,218,95.30000000000001
1799,7,35.83976711294016,-391399.0,218,97.30000000000001
1800,7,36.090096623265836,-391465.0,218,99.30000000000001
1801,7,35.390630051849044,-391537.0,220,101.30000000000001
1802,6,36.97170357151038,-391601.0,220,103.30000000000001
1803,8,37.62730510928983,-391669.0,220,105.30000000000001
1804,6,38.0906005274338,-391734.0,220,107.30000000000001
1805,6,39.252451453711686,-391803.0,221,109.30000000000001
1806,6,37.651960290325576,-391863.0,221,111.30000000000001
1807,6,37.86923879533779,-391929.0,222,113.30000000000001
1808,6,37.811799655987535,-391988.0,222,115.30000000000001
1809,8,37.831618141186134,-392056.0,222,117.30000000000001
1810,6,37.19910508733996,-392122.0,222,119.30000000000001
1811,8,37.40820133759211,-392196.0,222,121.30000000000001
1812,7,36.5302104718909,-392260.0,222,123.30000000000001
1813,8,35.2408581553288,-392337.0,222,125.30000000000001
1814,7,33.20517036112448,-392403.0,222,127.30000000000001
1815,8,29.507618688091892,-392482.0,222,129.3
1816,8,25.914120954037728,-392562.0,222,132.5
1817,10,22.264311990208412,-392653.0,222,136.5
1818,10,19.536802816431983,-392753.0,223,140.5
1819,10,16.95620882927021,-392853.0,223,144.5
1820,11,14.826730714788031,-392961.0,223,148.5
1821,12,15.886929361034076,-393081.0,223,154.3
1822,12,14.281359945978725,-393201.0,223,160.3
1823,12,8.261411779511326,-393321.0,223,167.4
1824,14,3.583733143059321,-393456.0,223,175.4
1825,14,4.957840867833934,-393596.0,223,184.1
1826,14,3.3664551632372333,-393736.0,223,194.1
1827,14,4.783954981750715,-393876.0,223,204.5
1828,15,3.2748842057943586,-394019.0,223,216.3
1829,15,2.0932737201548393,-394169.0,223,228.3
1830,16,1.199620688041265,-394328.0,223,241.3
1831,16,0.6076006300719458,-394488.0,223,255.3
1832,16,0.26590963868036205,-394648.0,223,269.3
1833,16,0.10465255116253448,-394808.0,223,283.6
1834,16,0.03850152673046238,-394968.0,223,298.6
1835,16,0.014240433868143686,-395128.0,223,314.4
1836,16,0.005218277500307446,-395288.0,223,330.4
1837,16,0.0019231173255186893,-395448.0,223,346.4
1838,16,0.0006908236948215877,-395608.0,223,362.4
1839,16,0.0002553723850306513,-395768.0,223,378.4
1840,16,9.240167080936887e-05,-395928.0,223,394.4
1841,16,3.279346780076608e-05,-396088.0,223,410.4
1842,16,1.1688853023221031e-05,-396248.0,223,426.4
1843,16,3.1995058304889237e-06,-396408.0,223,442.4
1844,16,0.0,-396568.0,223,458.4
1845,16,0.0,-396728.0,223,474.4
1846,16,0.0,-396888.0,223,490.4
1847,16,0.0,-397048.0,223,506.4
1848,16,0.0,-397208.0,223,522.4
1849,16,1.0213377678694406,-397368.0,223,341.1
1850,18,6.286164191778396,-397532.0,223,355.1
1851,16,6.7347138319563316,-397693.0,223,369.1
1852,16,7.409717067208337,-397853.0,223,383.1
1853,17,11.832514625875485,-398015.0,223,397.1
1854,16,12.599397989321693,-398178.0,223,411.1
1855,18,15.972316681424052,-398347.0,223,425.1
1856,17,15.512310846974138,-398523.0,223,439.1
1857,16,14.79141253494659,-398683.0,223,453.1
1858,15,14.69199948456725,-398839.0,223,467.1
1859,16,17.451283689171436,-398995.0,223,481.1
1860,18,17.11675794937183,-399167.0,223,495.1
1861,16,16.05158995556833,-399344.0,223,509.1
1862,17,16.81483485680899,-399514.0,223,523.1
1863,16,14.593515485702012,-399675.0,224,537.1
1864,16,17.678995891499834,-399835.0,224,551.1
1865,16,16.3741586727048,-399995.0,224,565.1
1866,18,18.70219267201082,-400169.0,224,579.1
1867,18,20.476432981619624,-400340.0,224,593.1
1868,16,19.580407348478246,-400518.0,225,607.1
1869,18,19.610357449156286,-400691.0,225,621.1
1870,17,19.75856645462029,-400858.0,225,635.1
1871,17,18.335228784877895,-401028.0,225,649.1
1872,16,19.61454166932009,-401194.0,225,663.1
1873,17,19.605859225779582,-401356.0,225,677.1
1874,17,20.043558197504225,-401526.0,226,691.1
1875,18,21.307393930030937,-401694.0,226,705.1
1876,16,17.650489537282077,-401869.0,226,719.1
1877,17,17.954681424158604,-402038.0,226,733.1
1878,16,15.023536025186804,-402199.0,226,747.1
1879,16,16.290085298289476,-402364.0,226,761.1
1880,16,15.208970841421005,-402524.0,226,775.1
1881,16,13.977980419102828,-402684.0,226,789.1
1882,16,11.222820228518879,-402844.0,226,803.1
1883,16,9.37555929337383,-403004.0,226,818.9
1884,16,6.617904277601636,-403164.0,226,834.9
1885,16,5.078739936457357,-403324.0,227,850.9
1886,16,5.212608417643446,-403484.0,227,866.9
1887,16,2.6764497338971998,-403644.0,227,882.9
1888,16,0.0,-403804.0,227,898.9
1889,16,0.0,-403964.0,227,914.9
1890,16,0.0,-404124.0,227,930.9
1891,16,0.0,-404284.0,227,946.9
1892,16,0.0,-404444.0,227,962.9
1893,16,0.0,-404604.0,227,978.9
1894,16,0.0,-404764.0,227,994.9
1895,16,0.0,-404924.0,227,1010.9
1896,16,0.0,-405084.0,227,1026.9
1897,16,0.0,-405244.0,227,1042.9
1898,16,0.0,-405404.0,227,1058.9
1899,16,0.0,-405564.0,227,1074.9
1900,16,0.0,-405724.0,227,1090.9
1901,16,0.0,-405884.0,227,1106.9
1902,16,0.0,-406044.0,227,1122.9
1903,16,0.0,-406204.0,227,1138.9
1904,16,0.0,-406364.0,227,1154.9
1905,16,0.0,-406524.0,227,1170.9
1906,16,0.0,-406684.0,227,1186.9
1907,16,0.0,-406844.0,227,1202.9
1908,16,0.0,-407004.0,227,1218.9
1909,16,0.0,-407164.0,227,1234.9
1910,16,0.0,-407324.0,227,1250.9
1911,16,0.0,-407484.0,227,1266.9
1912,16,0.0,-407644.0,227,1282.9
1913,16,0.0,-407804.0,227,1298.9
1914,16,0.0,-407964.0,227,1314.9
1915,16,1.6822780163844167,-408124.0,227,756.8
1916,14,4.265802200955085,-408277.0,227,405.9
1917,14,7.914075943555459,-408417.0,227,69.8
1918,12,12.341422298174507,-408545.0,227,71.8
1919,12,17.2158776860782,-408665.0,227,73.8
1920,10,24.77703502618293,-408769.0,227,75.8
1921,8,28.708370580506514,-408863.0,227,77.8
1922,9,30.459877152389222,-408944.0,227,79.8
1923,8,33.029751921688906,-409026.0,227,81.8
1924,6,35.65786067851654,-409095.0,227,83.8
1925,6,37.11733190275005,-409156.0,227,85.8
1926,6,37.66795078131227,-409217.0,227,87.8
1927,6,36.676442618609244,-409280.0,227,89.8
1928,8,37.627255571713654,-409345.0,227,91.8
1929,6,37.90698923071269,-409412.0,227,93.8
1930,8,39.024137850736714,-409479.0,227,95.8
1931,6,38.167364595425866,-409541.0,228,97.8
1932,7,38.52583138220362,-409608.0,228,99.8
1933,7,38.40900210560002,-409678.0,228,101.8
1934,7,37.27791803006818,-409741.0,228,103.8
1935,6,38.080101595650014,-409809.0,228,105.8
1936,7,39.53949936565658,-409875.0,228,107.8
1937,5,37.97182787948558,-409927.0,228,109.8
1938,4,36.206931072909434,-409972.0,228,111.8
1939,3,36.71063988710473,-410007.0,228,113.8
1940,2,36.43237257603752,-410035.0,228,115.8
1941,2,36.6741606879061,-410055.0,228,117.8
1942,2,36.40974876550492,-410075.0,228,119.8
1943,2,36.21876028145582,-410095.0,228,121.8
1944,2,30.316009532751412,-410115.0,228,123.8
1945,2,26.85355498410697,-410135.0,229,125.8
1946,2,22.637334993346467,-410155.0,229,127.8
1947,2,14.124088909465804,-410175.0,229,129.8
1948,2,14.218394217583336,-410195.0,229,131.8
1949,2,14.150233912055365,-410215.0,229,133.8
1950,2,0.0,-410235.0,229,135.8
1951,2,0.0,-410255.0,229,137.8
1952,2,0.0,-410275.0,229,139.8
1953,2,0.0,-410295.0,229,141.8
1954,2,0.0,-410315.0,229,143.8
1955,2,0.0,-410335.0,229,145.8
1956,2,0.0,-410355.0,229,147.8
1957,2,0.0,-410375.0,229,149.8
1958,2,0.0,-410395.0,229,151.8
1959,2,0.0,-410415.0,229,153.8
1960,2,0.0,-410435.0,229,155.8
1961,2,0.0,-410455.0,229,157.8
1962,2,0.0,-410475.0,229,159.8
1963,2,0.0,-410495.0,229,161.8
1964,2,0.0,-410515.0,229,163.8
1965,2,0.0,-410535.0,229,165.8
1966,2,0.0,-410555.0,229,167.8
1967,2,0.0,-410575.0,229,169.8
1968,2,0.0,-410595.0,229,171.8
1969,2,0.0,-410615.0,229,173.8
1970,2,0.0,-410635.0,229,175.8
1971,2,0.0,-410655.0,229,177.8
1972,2,0.0,-410675.0,229,179.8
1973,2,0.0,-410695.0,229,181.8
1974,2,0.0,-410715.0,229,183.8
1975,2,0.0,-410735.0,229,185.8
1976,2,0.0,-410755.0,229,187.8
1977,2,0.0,-410775.0,229,189.8
1978,2,0.0,-410795.0,229,191.8
1979,2,0.0,-410815.0,229,193.8
1980,2,0.0,-410835.0,229,195.8
1981,2,8.082183313078332,-410855.0,229,0.0
1982,3,26.33550558017558,-410877.0,229,0.0
1983,2,33.716546348846954,-410892.0,229,0.0
1984,2,35.81434625758294,-410912.0,229,0.0
1985,3,42.23364341701475,-410945.0,229,0.0
1986,2,42.93032904001037,-410967.0,229,0.0
1987,3,45.00322945723709,-410994.0,229,0.0
1988,2,45.05289365431327,-411016.0,229,0.0
1989,2,44.77433788744209,-411045.0,229,0.0
1990,4,46.4381786623973,-411079.0,229,0.0
1991,3,47.185029057151944,-411108.0,229,0.0
1992,3,47.42558184258884,-411145.0,230,0.0
1993,3,44.20229627616612,-411168.0,231,0.0
1994,3,44.350618848894115,-411197.0,231,0.0
1995,2,43.75095832285472,-411222.0,231,0.0
1996,3,43.1727190339875,-411252.0,231,0.0
1997,2,44.41606857088933,-411279.0,231,0.0
1998,4,43.93214931128125,-411319.0,231,0.0
1999,2,42.97318334165974,-411347.0,231,0.0
2000,2,42.00744291181411,-411375.0,232,0.0
2001,3,42.87637065934517,-411404.0,232,0.0
2002,2,40.51044970010745,-411432.0,232,0.0
2003,3,39.74933619747631,-411453.0,232,0.0
2004,2,40.33695130555146,-411476.0,232,0.0
2005,3,39.44496549305193,-411505.0,232,0.0
2006,4,40.61315732169385,-411542.0,233,0.0
2007,3,41.30676374498892,-411578.0,233,0.0
2008,4,42.23309587130273,-411616.0,234,0.0
2009,2,42.323816347431055,-411644.0,234,0.0
2010,2,42.51125188491181,-411668.0,234,0.0
2011,3,42.32875477661854,-411694.0,234,0.0
2012,3,41.463611319886525,-411724.0,234,0.0
2013,2,39.0255726820342,-411745.0,234,0.0
2014,2,35.097826778603846,-411765.0,234,0.0
2015,2,32.22007469152569,-411785.0,234,1.3
2016,2,28.478665496356715,-411805.0,234,3.3
2017,2,28.33975261174908,-411825.0,234,5.3
2018,2,23.124137780710107,-411845.0,234,7.3
2019,2,16.043448457555847,-411865.0,234,9.3
2020,2,15.996065633587541,-411885.0,234,11.3
2021,2,0.0,-411905.0,234,13.3
2022,2,0.0,-411925.0,234,15.3
2023,2,0.0,-411945.0,234,17.3
2024,2,0.0,-411965.0,234,19.3
2025,2,0.0,-411985.0,234,21.3
2026,2,0.0,-412005.0,234,23.3
2027,2,0.0,-412025.0,234,25.3
2028,2,0.0,-412045.0,234,27.3
2029,2,0.0,-412065.0,234,29.3
2030,2,0.0,-412085.0,234,31.3
2031,2,0.0,-412105.0,234,33.3
2032,2,0.0,-412125.0,234,35.3
2033,2,0.0,-412145.0,234,37.3
2034,2,0.0,-412165.0,234,39.3
2035,2,0.0,-412185.0,234,41.3
2036,2,0.0,-412205.0,234,43.3
2037,2,0.0,-412225.0,234,45.3
2038,2,0.0,-412245.0,234,47.3
2039,2,0.0,-412265.0,234,49.3
2040,2,0.0,-412285.0,234,51.3
2041,2,0.0,-412305.0,234,53.3
2042,2,0.0,-412325.0,234,55.3
2043,2,0.0,-412345.0,234,57.3
2044,2,0.0,-412365.0,234,59.3
2045,2,0.0,-412385.0,234,61.3
2046,2,0.0,-412405.0,234,63.3
2047,2,0.0,-412425.0,234,65.3
2048,2,0.0,-412445.0,234,67.3
2049,2,0.0,-412465.0,234,69.3
2050,2,0.0,-412485.0,234,71.3
2051,2,0.0,-412505.0,234,73.3
2052,2,0.0,-412525.0,234,75.3
2053,2,0.0,-412545.0,234,77.3
2054,2,0.0,-412565.0,234,79.3
2055,2,0.0,-412585.0,234,81.3
2056,2,0.0,-412605.0,234,83.3
2057,2,0.0,-412625.0,234,85.3
2058,2,0.0,-412645.0,234,87.3
2059,2,0.0,-412665.0,234,89.3
2060,2,0.0,-412685.0,234,91.3
2061,2,0.0,-412705.0,234,93.3
2062,2,0.0,-412725.0,234,95.3
2063,2,0.0,-412745.0,234,97.3
2064,2,0.0,-412765.0,234,99.3
2065,2,0.0,-412785.0,234,101.3
2066,2,0.0,-412805.0,234,103.3
2067,2,0.0,-412825.0,234,105.3
2068,2,0.0,-412845.0,234,107.3
2069,2,0.0,-412865.0,234,109.3
2070,2,0.0,-412885.0,234,111.3
2071,2,0.0,-412905.0,234,113.3
2072,2,0.0,-412925.0,234,115.3
2073,2,0.0,-412945.0,234,117.3
2074,2,0.0,-412965.0,234,119.3
2075,2,0.0,-412985.0,234,121.3
2076,2,0.0,-413005.0,234,123.3
2077,2,0.0,-413025.0,234,125.3
2078,2,0.0,-413045.0,234,127.3
2079,2,0.0,-413065.0,234,129.3
2080,2,0.0,-413085.0,234,131.3
2081,2,0.0,-413105.0,234,133.3
2082,2,0.0,-413125.0,234,135.3
2083,2,0.0,-413145.0,234,137.3
2084,2,0.0,-413165.0,234,139.3
2085,2,0.0,-413185.0,234,141.3
2086,2,0.0,-413205.0,234,143.3
2087,2,0.0,-413225.0,234,145.3
2088,2,0.0,-413245.0,234,147.3
2089,2,0.0,-413265.0,234,149.3
2090,2,0.0,-413285.0,234,151.3
2091,2,0.0,-413305.0,234,153.3
2092,2,0.0,-413325.0,234,155.3
2093,2,0.0,-413345.0,234,157.3
2094,2,0.0,-413365.0,234,159.3
2095,2,0.0,-413385.0,234,161.3
2096,2,0.0,-413405.0,234,163.3
2097,2,0.0,-413425.0,234,165.3
2098,2,0.0,-413445.0,234,167.3
2099,2,0.0,-413465.0,234,169.3
2100,2,0.0,-413485.0,234,171.3
2101,2,0.0,-413505.0,234,173.3
2102,2,0.0,-413525.0,234,175.3
2103,2,0.0,-413545.0,234,177.3
2104,2,0.0,-413565.0,234,179.3
2105,2,0.0,-413585.0,234,181.3
2106,2,0.0,-413605.0,234,183.3
2107,2,0.0,-413625.0,234,185.3
2108,2,0.0,-413645.0,234,187.3
2109,2,0.0,-413665.0,234,189.3
2110,2,0.0,-413685.0,234,191.3
2111,2,0.0,-413705.0,234,193.3
2112,2,0.0,-413725.0,234,195.3
2113,2,8.270394449408005,-413745.0,234,0.0
2114,4,27.110542874952603,-413769.0,234,0.0
2115,2,30.186028771845475,-413789.0,234,0.0
2116,2,33.8785253556038,-413809.0,234,0.0
2117,3,41.16672727906956,-413829.0,234,0.0
2118,2,42.954070610117434,-413853.0,234,0.0
2119,3,41.64240145200868,-413880.0,234,0.0
2120,3,42.30195490713269,-413907.0,234,0.0
2121,3,42.87684924468753,-413941.0,234,0.0
2122,4,43.176936397810415,-413971.0,234,0.0
2123,2,43.97825560803313,-414003.0,234,0.0
2124,3,42.96733037626131,-414033.0,234,0.0
2125,4,42.577020628819405,-414061.0,234,0.0
2126,2,42.496084985671104,-414091.0,234,0.0
2127,3,43.48958492842643,-414118.0,234,0.0
2128,2,44.61432114818999,-414149.0,234,0.0
2129,3,45.425523679197276,-414181.0,234,0.0
2130,3,44.77636591174148,-414214.0,234,0.0
2131,2,41.730839631117895,-414240.0,234,0.0
2132,4,42.39416226947775,-414268.0,234,0.0
2133,3,41.38814868271362,-414293.0,234,0.0
2134,4,43.0253309018635,-414330.0,234,0.0
2135,2,43.895351287957155,-414358.0,234,0.0
2136,4,44.85529143462876,-414387.0,234,0.0
2137,2,43.74091596058437,-414410.0,234,0.0
2138,3,42.45748634540105,-414433.0,234,0.0
2139,2,42.16035737524285,-414464.0,234,0.0
2140,3,41.330474284837436,-414488.0,235,0.0
2141,3,42.95754525962634,-414518.0,235,0.0
2142,4,43.530207883017006,-414551.0,235,0.0
2143,4,43.58644902030442,-414585.0,237,0.0
2144,3,42.99813254964097,-414618.0,237,0.0
2145,2,40.274310889460125,-414643.0,237,0.0
2146,2,36.80171901454503,-414663.0,238,0.0
2147,2,37.47707644733303,-414683.0,238,0.4
2148,2,38.3579133988657,-414704.0,238,1.4
2149,2,35.73276661827346,-414724.0,239,2.4
2150,2,33.98017976304253,-414744.0,239,3.4
2151,2,27.30552816744489,-414764.0,239,4.6000000000000005
2152,2,23.276264787926756,-414784.0,239,6.6000000000000005
2153,2,0.0,-414804.0,239,8.600000000000001
2154,2,0.0,-414824.0,239,10.600000000000001
2155,2,0.0,-414844.0,239,12.600000000000001
2156,2,0.0,-414864.0,239,14.600000000000001
2157,2,0.0,-414884.0,239,16.6
2158,2,0.0,-414904.0,239,18.6
2159,2,0.0,-414924.0,239,20.6
2160,2,0.0,-414944.0,239,22.6
2161,2,0.0,-414964.0,239,24.6
2162,2,0.0,-414984.0,239,26.6
2163,2,0.0,-415004.0,239,28.599999999999998
2164,2,0.0,-415024.0,239,30.599999999999998
2165,2,0.0,-415044.0,239,32.599999999999994
2166,2,0.0,-415064.0,239,34.599999999999994
2167,2,0.0,-415084.0,239,36.599999999999994
2168,2,0.0,-415104.0,239,38.599999999999994
2169,2,0.0,-415124.0,239,40.599999999999994
2170,2,0.0,-415144.0,239,42.599999999999994
2171,2,0.0,-415164.0,239,44.599999999999994
2172,2,0.0,-415184.0,239,46.599999999999994
2173,2,0.0,-415204.0,239,48.599999999999994
2174,2,0.0,-415224.0,239,50.599999999999994
2175,2,0.0,-415244.0,239,52.599999999999994
2176,2,0.0,-415264.0,239,54.599999999999994
2177,2,0.0,-415284.0,239,56.599999999999994
2178,2,0.0,-415304.0,239,58.599999999999994
2179,2,0.0,-415324.0,239,60.599999999999994
2180,2,0.0,-415344.0,239,62.599999999999994
2181,2,0.0,-415364.0,239,64.6
2182,2,0.0,-415384.0,239,66.6
2183,2,0.0,-415404.0,239,68.6
2184,2,0.0,-415424.0,239,70.6
2185,2,0.0,-415444.0,239,72.6
2186,2,0.0,-415464.0,239,74.6
2187,2,0.0,-415484.0,239,76.6
2188,2,0.0,-415504.0,239,78.6
2189,2,0.0,-415524.0,239,80.6
2190,2,0.0,-415544.0,239,82.6
2191,2,0.0,-415564.0,239,84.6
2192,2,0.0,-415584.0,239,86.6
2193,2,0.0,-415604.0,239,88.6
2194,2,0.0,-415624.0,239,90.6
2195,2,0.0,-415644.0,239,92.6
2196,2,0.0,-415664.0,239,94.6
2197,2,0.0,-415684.0,239,96.6
2198,2,0.0,-415704.0,239,98.6
2199,2,0.0,-415724.0,239,100.6
2200,2,0.0,-415744.0,239,102.6
2201,2,0.0,-415764.0,239,104.6
2202,2,0.0,-415784.0,239,106.6
2203,2,0.0,-415804.0,239,108.6
2204,2,0.0,-415824.0,239,110.6
2205,2,0.0,-415844.0,239,112.6
2206,2,0.0,-415864.0,239,114.6
2207,2,0.0,-415884.0,239,116.6
2208,2,0.0,-415904.0,239,118.6
2209,2,0.0,-415924.0,239,120.6
2210,2,0.0,-415944.0,239,122.6
2211,2,0.0,-415964.0,239,124.60000000000001
2212,2,0.0,-415984.0,239,126.60000000000001
2213,2,0.0,-416004.0,239,128.60000000000002
2214,2,0.0,-416024.0,239,130.60000000000002
2215,2,0.0,-416044.0,239,132.60000000000002
2216,2,0.0,-416064.0,239,134.60000000000002
2217,2,0.0,-416084.0,239,136.60000000000002
2218,2,0.0,-416104.0,239,138.60000000000002
2219,2,0.0,-416124.0,239,140.60000000000002
2220,2,0.0,-416144.0,239,142.60000000000002
2221,2,0.0,-416164.0,239,144.60000000000002
2222,2,0.0,-416184.0,239,146.60000000000002
2223,2,0.0,-416204.0,239,148.60000000000002
2224,2,0.0,-416224.0,239,150.60000000000002
2225,2,0.0,-416244.0,239,152.60000000000002
2226,2,0.0,-416264.0,239,154.60000000000002
2227,2,0.0,-416284.0,239,156.60000000000002
2228,2,0.0,-416304.0,239,158.60000000000002
2229,2,0.0,-416324.0,239,160.60000000000002
2230,2,0.0,-416344.0,239,162.60000000000002
2231,2,0.0,-416364.0,239,164.60000000000002
2232,2,0.0,-416384.0,239,166.60000000000002
2233,2,0.0,-416404.0,239,168.60000000000002
2234,2,0.0,-416424.0,239,170.60000000000002
2235,2,0.0,-416444.0,239,172.60000000000002
2236,2,0.0,-416464.0,239,174.60000000000002
2237,2,0.0,-416484.0,239,176.60000000000002
2238,2,0.0,-416504.0,239,178.60000000000002
2239,2,0.0,-416524.0,239,180.60000000000002
2240,2,0.0,-416544.0,239,182.60000000000002
2241,2,0.0,-416564.0,239,184.60000000000002
2242,2,0.0,-416584.0,239,186.60000000000002
2243,2,0.0,-416604.0,239,188.60000000000002
2244,2,0.0,-416624.0,239,190.60000000000002
2245,2,8.440689167719466,-416644.0,239,0.0
2246,3,26.253020144589698,-416666.0,239,0.0
2247,2,32.98230674668184,-416683.0,239,0.0
2248,3,37.05255769690464,-416705.0,239,0.0
2249,3,41.57726424744299,-416743.0,239,0.0
2250,4,45.389732097300964,-416773.0,239,0.0
2251,2,46.203799967514385,-416806.0,239,0.0
2252,3,44.43439526216284,-416834.0,239,0.0
2253,4,43.72069218957225,-416868.0,239,0.0
2254,2,43.55269394745311,-416899.0,239,0.0
2255,2,43.90945788595054,-416919.0,239,0.0
2256,3,44.961947872336324,-416943.0,239,0.0
2257,3,45.27393342034442,-416972.0,239,0.0
2258,3,45.5654253764619,-417003.0,239,0.0
2259,3,43.37916247876497,-417045.0,239,0.0
2260,4,40.65208028141056,-417082.0,240,0.0
2261,3,40.90589067241951,-417118.0,240,0.0
2262,2,40.96104971638761,-417147.0,240,0.0
2263,3,42.89049211237005,-417170.0,240,0.0
2264,2,43.41559295264476,-417197.0,240,0.0
2265,4,43.96455504450349,-417232.0,240,0.0
2266,2,42.58816859087083,-417261.0,240,0.0
2267,2,42.46374932368817,-417281.0,240,0.0
2268,0,42.02451472966676,-417290.0,241,0.0
2269,0,41.03768385958602,-417290.0,241,0.0
2270,0,40.59205039938454,-417290.0,241,0.0
2271,0,41.79577794870249,-417290.0,241,0.0
2272,0,41.674455807543936,-417290.0,241,0.0
2273,0,41.39167955807534,-417290.0,241,0.0
2274,0,42.69059329923186,-417290.0,241,0.0
2275,0,43.43892252080587,-417290.0,241,0.0
